timestamp,tx,user,amountWithdrawn,reward
2022-07-17T00:01:34.000Z,0x4fba0d6dbfd2e933c1ef027bdbe3fbf791d283fd023d231cdde0863b623168d9,0x8c7751c07CCC062Dab7863B6d2Fd2d3b872b23c1,9536.37,0.018299209657921215
2022-07-17T00:13:21.000Z,0xcc27b87e13686a4aa109cca4832d3df77b1ce42abd68865777781efa505413ed,0xa231AA34C4acA5543E910e6b0D24B14d20933917,1200.0,0.015021281745927906
2022-07-17T00:32:17.000Z,0xbb294a9afb26667eec277089c4edef33e95a544c6bf0510592a393d0d1dc1183,0x97Ccb2DB265fA5EBA774cB609A4F7A625c286856,1100.0,0.03250263568198233
2022-07-17T02:30:07.000Z,0x02972532f4e7e3956a3ae5af7dea608e9b842fd827e7efa5ae3457aa8a20bd62,0x8794941Dd8fE7804Ba8D2D1189a041aF36f5A588,78.086,0.010583490301173305
2022-07-17T03:57:16.000Z,0x408e7f63f2a2ddc25886ea771652ee09c0afaaed04ee1c4d4f29f5448ed2cc19,0xeb11255b15600390e60a7aa1FBe1C821F6D0FD8a,706.147,0.151063089317031761
2022-07-17T04:26:05.000Z,0x1d786166b27c5d60678bbe52e122443a363775bca689f3808a1dd685aae991a7,0xf24b2315e851E27d4F867E251e037E1c73a31285,653.142,0.156653362279021377
2022-07-17T11:03:05.000Z,0x74c9390455d9f666b8d888f4b9401877f09995f6a24c6756f6ef8c6899ceeb1a,0x63095Ce68aE2f6DC0a3E068d97F2d392c51EBD06,101100.0,60.350486470793958147
2022-07-17T11:21:31.000Z,0x323c6a69918b815ca7483904d60269974084cce0018e4e733b9d7e74b86a20f7,0x5947021aBb36F092e5110DaB43B7850b739BB520,19007.694,11.661579849272595455
2022-07-17T13:39:31.000Z,0x72699e0a6e50772a82aa2aaac0c09ad02de61397d09d5ed5057e6922f33de07d,0x542a19c328650051733ddAE1794aDDAf8670B8c3,2287.248,1.687181338541927762
2022-07-17T14:13:07.000Z,0x1c01ef70f75bdc99272bd99632414d9bab75dcd5aa85516fe0b22182add0f825,0xA4c8d9e4Ec5f2831701A81389465498B83f9457d,14824.585,11.38334420545275604
2022-07-17T15:13:10.000Z,0x7dd9ff2a3349faadc53cb875afe2f752cc077e76494f73e468329a16fabc926c,0xA697AEdF5af55fd7a3D75122fAa8fFC57e84261C,20000.0,16.437659689396238858
2022-07-17T16:25:18.000Z,0xd7db030b10793b31226638186efd0eea15792cfd0dd4957e4301d017a80d2716,0xb60D5239391BC26A363a10aE2c772CAd0438Eb21,36.823,0.032653359642777346
2022-07-17T16:27:50.000Z,0x754bf894aef7f5ec30155369a68040f28c3a8be9abb7b938c8426e161dcbaf3e,0x0edCAEB7270005F31E51790bA2c5c574fF24dEc6,175.109,0.155679606610468062
2022-07-17T16:36:30.000Z,0x24c9193e271e979f6b558747b7075e608f4f92dd302c0fd2720984d565100e43,0x67C2952229D829B8bC40BA3c957e943d884FC739,3472.498,3.114273301343233295
2022-07-17T16:48:08.000Z,0xc248b1fea37eaefaaf053452c4428bd5088f5357f81bd4f32939846788d68f0b,0xDC7C6F367E4680D3B8e4ceAB1e65cB7E361314A1,475.0,0.430969118331185799
2022-07-17T17:07:25.000Z,0xa477d634bbcd822f801654174b0c984bed6fef277ffe147014809f91c66e0555,0x94969A30126FBe6123E5A0f9076C77A21081bdAD,20000.0,18.492966802536674021
2022-07-17T19:03:00.000Z,0x58c86abadf56597a6db4ff1f227230ab8313ea5789ead05de897be6084962cbe,0xf00C9CAe156084EF119ABb5822fc5f86f79d184e,4800.0,4.937342398635197138
2022-07-17T21:33:02.000Z,0xf9e1b23d428f18d38c4f3be988c12b9a13f1c8ea17d161e785dfb7dd8ac39f8c,0xbB72d39ba7F1F4b81808FF9112c03b26A2f560Ec,12400.0,14.428201965568923366
2022-07-18T04:42:22.000Z,0x59bdf5486e133ad54ca3cd1f75f9431caa6dd153e8761886153dcdd41cdf976f,0xeFEA6725B90A234B8d7eA5e5887dCbeAa82d8B75,15447.926,23.940277191712249663
2022-07-18T08:55:53.000Z,0x37fd91f55670bed472bdc4539b72cc7d702f5cc51d923a7308f60c4eb287966c,0xda1C97b1Ee2EdF8E99e9eF225549A74A049B6798,1127.508,2.00445349618843802
2022-07-18T16:23:34.000Z,0x0b30b00c70cd93084e8f8e08d07d48ba16d6820cd327b2a50e916e8733daebb7,0x542a19c328650051733ddAE1794aDDAf8670B8c3,2000.0,4.36090895684974491
2022-07-18T16:26:08.000Z,0xf9335adeca0bc9b92c413f99f778f222d095ea640b3c9bcf3f5a27a8705c80b4,0x85dAe618f69Cf79dfc36Adb20145f575a01db94a,4356.544,9.509303654425496456
2022-07-18T16:38:16.000Z,0x93868e5ba5f01ccc7472277f125b59dc962f58b434aa6e11f59a161a21bf12e4,0xd7cE367fA0e74F11Ae934939712ff2e3d634b5E7,225520.96,494.720098829398106181
2022-07-18T17:36:09.000Z,0xbc0a9a3a26cfc9da850d1e209956973bfeba849162a5918126868ded43f31381,0x37abA67ADBc27C9434Fcd9fC7cE7F00a06066A41,1957.581,4.39622106008006392
2022-07-18T18:36:19.000Z,0xd2517a52c9c94d4dd9acefe1fb38b9cdfa9e41e0108ab400c1fb7bef07658aaa,0x5581a2536F0cEb3500079c574DDdEB515D8b027e,91.637,0.210752286960553229
2022-07-18T18:36:19.000Z,0x84a48fa8414a10bca49df1b260bb61905d6b08624c47b65ac765eb21e1ccb12b,0x5581a2536F0cEb3500079c574DDdEB515D8b027e,525.0,1.207426592471277383
2022-07-18T18:36:57.000Z,0x2ae16ad366b1942e8fb8eae7185d821ae19d0e62968b3de66b53dfb2c08e3caa,0x5581a2536F0cEb3500079c574DDdEB515D8b027e,552.0,1.26983727471786382
2022-07-18T18:36:57.000Z,0x11770340cbc639c3862b5c358f5facd148f09528d8fdef1ed272db20a5b5c4ad,0x5581a2536F0cEb3500079c574DDdEB515D8b027e,191.0,0.439382100491144908
2022-07-18T18:38:17.000Z,0x5e6ef4b8b7724f46bb6474c88619aca2964a170c935df4cc08dfc8c8313b71dd,0x5581a2536F0cEb3500079c574DDdEB515D8b027e,72.0,0.16571729875933347
2022-07-18T18:38:59.000Z,0xd0c74348c19dc1d6553aa00c9a1999ef1a6b586af69132b707bfb45a3e8716c0,0x5581a2536F0cEb3500079c574DDdEB515D8b027e,59.0,0.135833268255963872
2022-07-18T19:37:38.000Z,0xa604616cf1433bbf4d4114f287f122f3baaed9d7581d9833f145984154de5cc1,0xf23cFd24FA504b82e50aC50Cd26319922626406B,696.244,1.639663786539566003
2022-07-18T20:20:09.000Z,0x7e32eb83ae2c7635c0f38d775ccfaf82d5809ed36428e852ae9cd5b624d9e93a,0x2DcabEc2934D043D74e5234a5BAD2924C07208eD,2000.0,4.786511939651035605
2022-07-18T21:06:30.000Z,0x92270dada5e8a90e9130ba15c3f67c4e501517a9c0a5c097ed5d90180b5ad86f,0xbab34ea9e3864EBa6b4B056F7f455147d64A4926,1388.882,3.381853743637626824
2022-07-18T21:06:51.000Z,0x6a1e2caf3c9ce7570cbbc4875c286f7d41b7708be850b3655c8d316de2886c97,0xbab34ea9e3864EBa6b4B056F7f455147d64A4926,980.917,2.388789493114504873
2022-07-18T21:06:51.000Z,0x89e428320969d0a4222a9f5afa2fdcecf0834cc0ab6967a791fa9a849718463e,0xbab34ea9e3864EBa6b4B056F7f455147d64A4926,488.822,1.190409440965156584
2022-07-18T21:36:46.000Z,0xad9c9bd79f51ac67e3f3072a4d6bbdb6c5b59a29a3b4803a0fd9888d7eca22d0,0xF63b9D007013a850f9ad628D9268865070721dFD,3500.0,8.617598402025147695
2022-07-19T00:06:00.000Z,0xb9de037e9da646e17be4e83efb9820ef9f8001002183e04d721a58da97862629,0x81Ef89f8D1c59949FefF0C618EBe69C9e6FFd540,1000.0,2.596403064575087728
2022-07-19T03:12:05.000Z,0xc1ddfc628daa08dc25dd1d82608a0d3163bb7caa880ffe34d0f2c72f9e6fada8,0x67C2952229D829B8bC40BA3c957e943d884FC739,6857.077,18.95145857654279712
2022-07-19T04:29:05.000Z,0x71f146e22308f6cdef4642a6667978ed889665c78eac8ad8e6a62aef07178599,0x6B5e7f211e9E870F0139400bF91F70A03153d730,2956.861,8.376907621171421518
2022-07-19T06:50:16.000Z,0x6aa361e42568aca8be01591bdfa8d26e427c65403f53ee32403efcaa7a39670c,0x64dF7AF696e0977771a0E1e1B1a8dD22DED3Cf4b,4610.454,13.647091451522881863
2022-07-19T11:03:10.000Z,0xfab7d2be1d2bce0e7a65107d611b3f38fa52abc1010279518884113a84fccd95,0x6F86c2e72467750E634E1d9298845E75F9e55Fd7,1482.56,4.725674810724352906
2022-07-19T11:04:27.000Z,0xa195ebc528c5c156f3dd7e39dc8eb9d86a83ead140c53cfe336a4f8805359ca2,0x6F86c2e72467750E634E1d9298845E75F9e55Fd7,4248.312,13.546440894630433596
2022-07-19T11:38:19.000Z,0x84f97ebcdc55eedfdaa946ad32f6df2b5cce1308710fbbd51f55f02a1fd0045f,0x35F272A684B3D5ecb77584Aac5FE1F4A0CA0C379,5471.73,17.614191809168214831
2022-07-19T12:58:08.000Z,0xa53363861aa1ae267e2c316e9c3d6b2ddab380c4544caa963028c095f489715f,0x07a1f6fc89223c5ebD4e4ddaE89Ac97629856A0f,3000.0,9.872759914459838246
2022-07-19T13:33:38.000Z,0xb5fa7231375190c92e8ac49730b55fde8f2906dfea31d18dfaf795dd60fefc09,0x87A6be3552386Cc5266A5596c88022D7d8F4Aa97,2328.284,7.736541839034834184
2022-07-19T15:12:05.000Z,0x99524adf7ca6950213131395c3dfc9cb920923853ca8064961f78a36232368bd,0xfb53cC84f5187c2F386E9895476B3DECF33d4982,4687.554,15.991145353697946607
2022-07-19T15:57:03.000Z,0xdc930a2be432b672810a5170f4d6dc5b3265188103628aca583c4060f8a42d82,0x7Cd14403f752f3CFf683721a266431046e57c74c,10000.0,34.518515678364491562
2022-07-19T16:38:21.000Z,0xbf07eb77473865fff875a1d3e58b27c85df94cc6fad78f45770eae3e2ed0b182,0xB0BaDc6F2F383dF0bF25Fd34F316A979FB6AD1d6,28506.982,99.460860401091802743
2022-07-19T17:55:53.000Z,0x258049690ca8bab44803a4ec820af71abfd961296c47f434b4eab48ebe7a3df0,0xAc8D2856eAfbFd8653E035068940cDfF299e8796,30000.0,106.762185922772096725
2022-07-19T18:00:26.000Z,0xcef0884cf6066ea18661543de17c428d7e21fa60e9104de76e34a32c45ab3edc,0x9bCA2E57BD0863Bb231aEC2587aCBb9645b59cbf,25000.0,89.07080388565934005
2022-07-19T18:46:57.000Z,0x5fdd4f861dcfa17d817fe792b3592ced89e1f4ff1455e57eea5ebc095400e9eb,0xD6278E5EeA2981B1D4Ad89f3d6C44670caD6E427,250.0,0.901168217836854076
2022-07-19T19:04:19.000Z,0x5c13803ee1869886c9650a9296dcb744430eb910932886cf48563050e2aec9da,0x166e017CaD0a6F860CD80bFc477c30F915dae09b,1214.4,4.396484796863952613
2022-07-19T19:04:19.000Z,0x5a2b51a9d4d230de36e2f8ad78e26818befd97e9301807b455863de7633cedbc,0x166e017CaD0a6F860CD80bFc477c30F915dae09b,825.928,2.990102021824975835
2022-07-19T19:04:19.000Z,0x65a2c30781eeb45c9b07bf3b751ea7c62a75cd1e4075ad272fb62992d68fdcc2,0x166e017CaD0a6F860CD80bFc477c30F915dae09b,85.019,0.307793759012332334
2022-07-19T19:05:24.000Z,0xe9771ea1bf421bc8a0ca839732db1e3140afdbaec48f3b6199362f2340765fe2,0xa957498ad9744f5C827056988B2C948c09A8D722,210.624,0.762726001677257983
2022-07-19T20:27:15.000Z,0xa9e783f70b0f444ef27a6cc6af9be28b10ef140d9cf1564e3f75f7170d09818b,0x1d10CcD74D38C9FB3F23B01E39677884591bCFF8,207.454,0.766519815782265507
2022-07-19T20:27:59.000Z,0x70a7e5e726caa7c75c60242126788dea824c444c25bf93b6cdba61e55e098750,0x1d10CcD74D38C9FB3F23B01E39677884591bCFF8,300.0,1.108665038034109613
2022-07-19T20:30:57.000Z,0xec3a1be00a18934822067ab9f15479bb4724f813da9083291de17ef82b591b8e,0xF9cEeaf31368B870aD5762204E3D0937FB2257b8,2600.0,9.615368302874474369
2022-07-19T22:06:10.000Z,0x89b70a14fd38b5a7db3766de4f1f47769284049d0497abd9643cd83a428c079c,0x7A9bC8B789A2157623975C732c9f66c88AD53Ca1,500.0,1.891931935029534634
2022-07-19T22:06:38.000Z,0x318699eec2691e23c1a37625d51ce187977b70b4142bcbc42087edba0769f779,0x7A9bC8B789A2157623975C732c9f66c88AD53Ca1,200.0,0.756856725287040596
2022-07-19T22:07:35.000Z,0x44d59c2ebbcc01daf8a46df863399744d0a7dd7172f6fc96abb97e13544c8cf1,0x7A9bC8B789A2157623975C732c9f66c88AD53Ca1,200.0,0.757027626097323608
2022-07-19T22:09:41.000Z,0x3efbde32a91d1c2b88c2bb625d5c4c00bd6d364d173aff12068a4caae74e9157,0x7A9bC8B789A2157623975C732c9f66c88AD53Ca1,100.0,0.378702703417921975
2022-07-20T01:24:00.000Z,0x64892bcf26e0c41d17ffff8aecee323c64ec3cf23c52bb6714a3c4b8b11f5de6,0x8dbCBD5a3936091BD881D3C52edb14FE689633A1,13000.0,51.503537682239093431
2022-07-20T01:25:43.000Z,0xb9a6e44412620b0ab9671babaa73868080d0d728297aec3d017b99f2379ee2f9,0x8dbCBD5a3936091BD881D3C52edb14FE689633A1,882.221,3.496554742160281812
2022-07-20T01:35:32.000Z,0x4f20775e11f38a622108cca3ceda7aa570bc8502779f42de5e5829451547a1b7,0xbD4977B8E9909c344c00914e1b67ba512Fe0Dd70,1550.0,6.156886083425027295
2022-07-20T01:38:37.000Z,0xe2c0948693f7b525fef40705a7d2d8de6eedfe8a52fb20b6d195a1770b11b8f2,0xfBC409e8d366c8E35350207f25159f41457ce710,20.97,0.083354868427363975
2022-07-20T01:40:11.000Z,0xce6de5ae952b89303e3cb641301bd0405d291f4b39676b2349479fb34e5bd1a7,0xC91e679aDD1116BC2B6C647C16a10251Be25acbf,1000.0,3.97636714241382002
2022-07-20T01:40:11.000Z,0x17cd853269cee7f0402b0bb89a9c44efc3dbf11307154c66072c32eba9e8cf16,0xC91e679aDD1116BC2B6C647C16a10251Be25acbf,750.0,2.982275356810365015
2022-07-20T02:08:40.000Z,0x3a0fee06186775a58b7f32f02a437bc57f860dc0395b30156c66918c20bb527a,0x23dd7aFc61f7Be0883d632B6520A90dad6197952,111000.0,444.22058726494078675
2022-07-20T05:05:49.000Z,0xf27c9319169a322b6b1eacd37abad10062ae59148bb983f7054816e2755a2e52,0x41508175b2b8a106eE58696aF8Af35c92a4ed1a1,280.0,1.165172341563247234
2022-07-20T07:44:53.000Z,0x51d1e7deb86d55cb5cb47c7fda436460efe2ac7c6cc1ef52eaa8fd50e7ebb8e0,0x98771321ad898eD7e2A367fC860aaf398E070807,500.0,2.152203375181158741
2022-07-20T12:39:29.000Z,0x8345b4de07ae41c821876fc045ba2c217a71fd039177c31bb271059c06a5b09e,0x64178cb8054e231a355Bfc5dB740f0268b5ca0D2,1000.0,4.569392954095872056
2022-07-20T12:43:32.000Z,0x8a626dc5c053426b8fd359e5dec3045436ea40a8239adb334c5c26e89a298901,0x90E7a24DB5b75892B8129c72478A43540f1b5dC3,3000.0,13.719107519366240366
2022-07-20T13:12:40.000Z,0x8a21c95aa8fe2df6e617085de5c7ee301b3a465e40d2a3dd7873df614c89ef52,0x60B0224beBd002E2cF9eF7d505dcD07Ea5BD1156,47422.396,218.107010488288660348
2022-07-20T13:26:39.000Z,0x6f104427eda26951ef75aa87e943c6e29779214b742c4ce0a354df9c874e5382,0xb17DCdb6A589E78d37CcD6227dee418eD2A3C873,900.0,4.150636497615305189
2022-07-20T16:23:53.000Z,0x2f56a86ae6cad4a93034070e61bdf5ba962aa9c412da3b43b41d910e44e592fa,0xE7436AFad54fec84A67bE7866ad21f4fb0d3eFC6,21000.0,100.195951922211556808
2022-07-20T17:33:19.000Z,0xd4dfa0f04c0e741cf4ffb392ca95bdbfb72a05581e16415efced5af5cd15f6a6,0xEd47E1F7fD024e35f5Db9d1f53c1aBBc855fF06E,14000.0,67.671653812960897393
2022-07-20T19:51:18.000Z,0x05e226f7fdd8c40ba166171cb72cd62745528739e5d80c50d69bffd5522586ca,0x14EB987F50389Df4229d01c44e65Dc27E29679c2,561.248,2.782556750828248687
2022-07-20T19:52:12.000Z,0xb580c1ca46d41ff23173965905b7fc8b53766efaba3c2d465ddbab1eba5bdbf0,0x14EB987F50389Df4229d01c44e65Dc27E29679c2,521.111,2.5839872860020913
2022-07-20T19:53:09.000Z,0xd235936a1710862475a5581425adbbe24264e8ef4d1e648d8fbb622f4a0ea6b1,0x14EB987F50389Df4229d01c44e65Dc27E29679c2,517.981,2.568909447136547188
2022-07-20T20:28:11.000Z,0x3774947c6657766fd9852417c3a91d3a8fabdec1464069cd67683cfbe32de0ab,0x88568A743a8F83a3E3a41C5330Ccca6F42a133BE,30000.0,149.729348061767916113
2022-07-20T20:30:09.000Z,0xf77dbd05724ad82eb933841ce235b848a70036bebb846eba4d15753aee0e562a,0x88568A743a8F83a3E3a41C5330Ccca6F42a133BE,28553.445,142.56013377406303596
2022-07-20T20:30:09.000Z,0x8fb3ae7aaacad60fa84f4a69cbba06860383cdb264489ac55111814a598b92b6,0x88568A743a8F83a3E3a41C5330Ccca6F42a133BE,19800.0,98.856395392095353538
2022-07-20T20:31:36.000Z,0x4b0334ba7ebd6ca3af9d406d660c5cfe0aad039421f6270092f6a03a01ba8df2,0x88568A743a8F83a3E3a41C5330Ccca6F42a133BE,22792.61,113.827467818685125343
2022-07-20T20:40:12.000Z,0x80617392634d6f3bd5b384e1796762024c7cb4891b112aab9a5fd7fa20fbdfe0,0x9D589AB9C7a250FAECeBE5FDE32B4E37961E5df0,2500.0,12.504467488527600845
2022-07-20T22:47:49.000Z,0xd342e6a43f273ca4dc787fc843a5892b2fe9a0cfe38762ae47d261d1b29e881b,0xA0F0Cdb449723721F12A139065E1b39d479720fB,453.442,2.320070170276821087
2022-07-20T22:50:34.000Z,0x8aa740845a15fa2379eef48ff65294af2271cee1a80956bf09fa15ba9d08d893,0xA0F0Cdb449723721F12A139065E1b39d479720fB,576.997,2.953675879700573759
2022-07-21T01:49:36.000Z,0x9d1230d1056d17a00f4078f0258dcd33a89a9b3db61b75bbb09cb814c1c8731b,0x0edCAEB7270005F31E51790bA2c5c574fF24dEc6,5262.698,27.78749525746884478
2022-07-21T02:29:18.000Z,0xa206337cec40b650dd095c0adaa21eae03b3e22dc0d76181e2d824f04a2a8f66,0x06Fee2818ed2Bfce2635b03a231EbBC9Dd18860f,550000.0,2923.687111046544507093
2022-07-21T09:54:17.000Z,0xe02031a3159ea74535cbf211064790df1cb14166496b962fca394307a35a455b,0xc7707bc6ddaC11ec714012102D35232EF8cBDE11,2500.0,14.290118608249993868
2022-07-21T09:54:17.000Z,0x96cc6ab11a943cb15812b1d3810a668cc0ad2a056b08cfc15905aa85918495f6,0xc7707bc6ddaC11ec714012102D35232EF8cBDE11,2000.0,11.432094886599995094
2022-07-21T09:54:17.000Z,0x3aa623b446dcc9c9edf27d8309f95db925f73aa5a5847e2c9d37e5cfd07cbad2,0xc7707bc6ddaC11ec714012102D35232EF8cBDE11,1100.0,6.287652187629997301
2022-07-21T11:06:32.000Z,0x559ae7cb2e7b2d53273072fed3b4944979ffe5221db344254c7c7fbd76d05a9b,0xFfdf3eCBCB89A19870e251dCe10F417908A65FB1,689.786,3.987676818891267216
2022-07-21T15:26:33.000Z,0x26f2fa6afe778d7bf62afb38dbc9b6900677b47ebfa945852ae3f875bdd39886,0xf1A0D817BD61154DcDd791731D5Faf76D9b10ccC,216.14,1.300063508308790616
2022-07-21T16:54:43.000Z,0xb10dd6268976c30b965245dffa76a7e70c2fd4056b093c5e12924f2cc6737d2b,0x6aE5bf41457D9f938F4f2588b9200f4390B23f9c,1000.0,6.094217955598178564
2022-07-21T17:58:52.000Z,0xa1305314e8159400fa51602c15446482c7931f589666b0bc62ee253ecfff0177,0x2ed7Cc0236BA832D7DFB190E9bcED27de1A034f2,160.559,0.987746037544290392
2022-07-21T18:02:50.000Z,0xcef00bd78dd8c7b12d456a5d1f262a00efab0c389448ad2ae27ce271106a69a1,0xbB72d39ba7F1F4b81808FF9112c03b26A2f560Ec,8300.0,51.090545380280791314
2022-07-22T03:39:30.000Z,0x445d69c9e22fba9e362f759c462fa920bd8af7cc3e70b3c3a8cddfb32cac0236,0xBd87f05AE586f92668618042F247d8F4F580DB6A,8409.071,56.123706848412247676
2022-07-22T03:39:30.000Z,0x709d0edf58e70c85a32e465c551b2df97f3f2c91dcd48cff66d77da09606fa7e,0xBd87f05AE586f92668618042F247d8F4F580DB6A,1200.0,8.009023614867171083
2022-07-22T03:39:30.000Z,0x2ba1aafa52f9861108579a80c27aa653ea7b4ad7b8d6bea83916a390df353b23,0xBd87f05AE586f92668618042F247d8F4F580DB6A,600.0,4.004511807433585541
2022-07-22T03:42:42.000Z,0x9ca57626c70fa1855f1d375b42294b4fcd28b99f00b71d74177f78d16308d9db,0xBd87f05AE586f92668618042F247d8F4F580DB6A,1110.0,7.41154178942647672
2022-07-22T03:43:11.000Z,0x41f3a7d42299be91907c6558b5c079008e34ec00a5a74c5acdc69be276b3b438,0xBd87f05AE586f92668618042F247d8F4F580DB6A,1000.0,6.677499422834269383
2022-07-22T03:44:01.000Z,0x43495a93da4d14925c164d3ca983fa989f5d4b056d29b865ce0c68519aef7518,0xBd87f05AE586f92668618042F247d8F4F580DB6A,600.0,4.006949392674990609
2022-07-22T03:44:11.000Z,0xff3a5caef97a6345edc5ad6528d22d8689579d48d2886a32e7e8fe77ec3b349b,0xBd87f05AE586f92668618042F247d8F4F580DB6A,800.0,5.342719120626501873
2022-07-22T03:44:11.000Z,0xc5cbbf64d89ebf2814130c8ca9f83e5d56e83c8de691dd2f3da47d5791c7e21a,0xBd87f05AE586f92668618042F247d8F4F580DB6A,675.0,4.507919258028610955
2022-07-22T03:44:11.000Z,0x1ac7c8190c1b5f0ac3e9b3f1893b70418171d269ab70483c54a0ff031d65b721,0xBd87f05AE586f92668618042F247d8F4F580DB6A,515.0,3.439375433903310581
2022-07-22T04:08:38.000Z,0xaf22343bbe42d82247430fa7ff44c8ccb637afff7307b4abdc392f8888c941c5,0x3d6B35daCc2C8079E073aea6B0208E1CC734A5C5,1500.0,10.05058670494905664
2022-07-22T04:08:38.000Z,0x26a43eda714b34748e60d90d3da0c270f242aac13816760722176870edf309ba,0x3d6B35daCc2C8079E073aea6B0208E1CC734A5C5,800.0,5.360312909306163541
2022-07-22T05:15:29.000Z,0x6e7ebf5ade211944e5b989f9872d3172c03855664b31e6cf1f60fdc7dc8dc839,0xc3526d54f9dE73959Bac1B67668668a3E940f659,30.0,0.202815637125415768
2022-07-22T05:15:29.000Z,0xca8f0f3381dea645e7a90fb7644856cb3e31a388611bc416279d325240975aad,0xc3526d54f9dE73959Bac1B67668668a3E940f659,13.671,0.092423085838051965
2022-07-22T06:02:05.000Z,0x86211e992fa162a2a9d2a915968f14b5cfb892dcb6ea6b45745b58877d53146e,0x3EbDb522301913A5203315c8A840A9Ee99cE9eEE,2312.906,15.73339714360003642
2022-07-22T06:02:05.000Z,0x2db09de07a8c9e776008e5267ecbc07d5b66aa616954dba558f4232b28ed68ca,0x3EbDb522301913A5203315c8A840A9Ee99cE9eEE,100.0,0.680243690993063981
2022-07-22T06:02:05.000Z,0xb54ed182f07a951026d167f361e32693cefec49b44ca61ed5169ca57b145817f,0x3EbDb522301913A5203315c8A840A9Ee99cE9eEE,1000.0,6.802436909930639818
2022-07-22T06:37:21.000Z,0x4b76ed40f6b6693db0c938d03e9f0b192569987d39269c07c2b1f4edb339324c,0x34a370d288734d23bC48A926Cad90A6615abe4e3,13000.0,88.844060486051396346
2022-07-22T12:22:46.000Z,0x6b3c4f323b179fdf360af9a491e36ebe4c813d23f8bf630cdb7d98ef40d5cf2b,0x3a11dd5ed38908FeC270f025C605c07420ACD734,300.0,2.143455952128515095
2022-07-22T12:31:43.000Z,0x0496426535ea345737b80fcf6590848f36d25c3b7a368a2b909d4b8a596ff52e,0x3b10256766A47d39D3ED484cF7C6c10987d0F33a,500.0,3.576451750701997856
2022-07-22T12:31:43.000Z,0x644f8501936df8b8e0cb8edbe6024f0d10d16b364598f3110697544d718ab419,0x3b10256766A47d39D3ED484cF7C6c10987d0F33a,663.987,4.749434937186734902
2022-07-22T12:31:43.000Z,0xfb6ad726c5a3ca9ed983cb0b76e21a0fbfa4ec9be84b3a4ea1acf96f5591d276,0x3b10256766A47d39D3ED484cF7C6c10987d0F33a,1657.889,11.858720033039169049
2022-07-22T12:31:43.000Z,0x09dcafbc442f8f950ebb92de323ec001eb8b203109785d2c08e15e16daa79918,0x3b10256766A47d39D3ED484cF7C6c10987d0F33a,209.519,1.498669188710663777
2022-07-22T12:31:43.000Z,0x7b26256946f34dba60b7eea98814ca1361ffa043b32b1bcd76c60f36c8c29f3d,0x3b10256766A47d39D3ED484cF7C6c10987d0F33a,148.67,1.063422163553732042
2022-07-22T12:31:43.000Z,0xd38d7bce578bdcb230a2fa7f9d88cfec248a24e421d7c8b6e21b7b3047c4d99e,0x3b10256766A47d39D3ED484cF7C6c10987d0F33a,631.601,4.517781004390265096
2022-07-22T12:31:43.000Z,0x45a0a371044e29da5a138fb2a6c1df61adbd4ab12e06c1aa2eb4615978cb15e0,0x3b10256766A47d39D3ED484cF7C6c10987d0F33a,652.42,4.666697302385994883
2022-07-22T15:52:59.000Z,0xfe712ecccc41c7c14c9e86a54c1e54c88c3d975cd81ae087dfc7b130f8f2ea76,0x9Ec5c1F58Ec2719d93e21365AdC8FC57C011E40A,3099.43,22.73102878781845407
2022-07-22T20:30:27.000Z,0x1b49473c06f2565624ba382e36382d4061051f5475184471a2eafe357db9da3c,0x2B91074dDEbBcc995990e0686162709d58E256E9,2665.825,20.216320084393337061
2022-07-22T22:58:18.000Z,0x83cefbbc587388b91a5dc1c5f60fa71bb7ad3a05e36525cca4a03ff4ee768479,0x76C9d075F88F7915eB1AB5EfB3846838B59E2DB6,1424.642,10.993251977325780336
2022-07-22T22:58:18.000Z,0x019bbd9ff481672564143b1850086fdf42d82ca5ca847dfc9ba9c480de9fd919,0x76C9d075F88F7915eB1AB5EfB3846838B59E2DB6,335.788,2.591108569705420117
2022-07-23T01:03:12.000Z,0xffc0945c4318fc9c76630a6530cc3301fdf96764995af5152c9f1a6995510119,0x67C2952229D829B8bC40BA3c957e943d884FC739,1600.75,12.532025536516069928
2022-07-23T01:03:56.000Z,0x18fe4047d55d5c03ee7b660e4a9ea2af6f3633b41db4e51b022a47b6fd7f384b,0x67C2952229D829B8bC40BA3c957e943d884FC739,286.537,2.243443105086285433
2022-07-23T01:03:56.000Z,0xfac4b97fbdd0abd58f301bf1977ce154b490fa5fe3f428bc93411a75a41b3852,0x67C2952229D829B8bC40BA3c957e943d884FC739,219.571,1.719132419292799111
2022-07-23T01:04:21.000Z,0x6e6beb34e379f07a931e8d1d1ed58808f01edb9f185301309b4cd8b86e90833b,0x67C2952229D829B8bC40BA3c957e943d884FC739,1238.977,9.701041961666016288
2022-07-23T04:03:00.000Z,0x976f0c143894732a03c76601b8a41ee63fbfa32ca7d154d62cff991a7e757c45,0xEA64D088Fbcbb24464F33B15A6A775261C362F01,40.0,0.319622892955050593
2022-07-23T04:03:00.000Z,0x51b79bcd52715789cbf1f6259447a48be765e8d3d393513758a77fc950c11c29,0xEA64D088Fbcbb24464F33B15A6A775261C362F01,25.0,0.19976430809690662
2022-07-23T04:03:00.000Z,0xc889a96676bfc39869f331be6d1d60a8121c9803f7049b94014ed475095bd604,0xEA64D088Fbcbb24464F33B15A6A775261C362F01,150.0,1.198585848581439724
2022-07-23T04:03:00.000Z,0xf3ac7bc819b341bd3d5cead68dc29848c76f1f6a505875aa004cef3aa4664a9c,0xEA64D088Fbcbb24464F33B15A6A775261C362F01,55.0,0.439481477813194565
2022-07-23T04:03:00.000Z,0x9818357b4a1fe33f95d8746b32faebe678c7aacb36b68403c39b0cfcc78ea6c9,0xEA64D088Fbcbb24464F33B15A6A775261C362F01,33.0,0.263688886687916739
2022-07-23T04:03:00.000Z,0x28aa1761342e50f4087eec26f2ddc7b633900ff1c7c3aa44846a85121bdb2718,0xEA64D088Fbcbb24464F33B15A6A775261C362F01,45.0,0.359575754574431917
2022-07-23T04:03:00.000Z,0x1e381b7d6267010525179e6163f4c6db8b051726dc335e9cd3a6d1a4c21c4c85,0xEA64D088Fbcbb24464F33B15A6A775261C362F01,40.0,0.319622892955050593
2022-07-23T04:03:00.000Z,0x0750b6019f325865733341d2691bd80b01cd5da2149a96a31699906248d830ea,0xEA64D088Fbcbb24464F33B15A6A775261C362F01,29.72,0.23747980946560259
2022-07-23T04:03:56.000Z,0xe18621906f8e9df7502d9ad22e86f5ce922c21e74307ea8b7062300ed5377238,0xEA64D088Fbcbb24464F33B15A6A775261C362F01,79.894,0.638465857275599956
2022-07-23T04:03:56.000Z,0x6273af567e2007fb6e24a15d1df5ba870f02fb85cbe104d6594e5d7eaef821b5,0xEA64D088Fbcbb24464F33B15A6A775261C362F01,233.041,1.862326605819749785
2022-07-23T04:03:56.000Z,0xa3596dc0ce5efc61c6faa8e839278048f052b4732434c410cd2ac86872264470,0xEA64D088Fbcbb24464F33B15A6A775261C362F01,160.353,1.281446862238895032
2022-07-23T04:03:56.000Z,0x3e4781d13b956e940d55c88b7fa9391bec5741b9fe45b95a2b71cb7080907655,0xEA64D088Fbcbb24464F33B15A6A775261C362F01,207.784,1.660487517062022946
2022-07-23T04:03:56.000Z,0xff1a57b12635700e8e7c2c05a84a2eea7cf16bd0550e576756d15fcedc05be3a,0xEA64D088Fbcbb24464F33B15A6A775261C362F01,80.621,0.644275613680828899
2022-07-23T04:03:56.000Z,0x85e46f52523dd9f9375a87dfd569fce1f3c51d30ae322062fe4cc22929e5a8bb,0xEA64D088Fbcbb24464F33B15A6A775261C362F01,78.189,0.624840500094148308
2022-07-23T04:03:56.000Z,0xecf659e70c7922e54c5547593e0d62fb65b7ae3e697a701e57af5e7aa5d62628,0xEA64D088Fbcbb24464F33B15A6A775261C362F01,42.892,0.342767636496671005
2022-07-23T04:03:56.000Z,0x2eb2573e3a47bc9b2c5fcb4efeef24fb7769f4b3e43247b9d16e62b95f9d80b1,0xEA64D088Fbcbb24464F33B15A6A775261C362F01,20.58,0.164463255597815193
2022-07-23T04:05:09.000Z,0xa99b7f22dfa266cbbdff96dd734062dfdf4ef5f6fb5ca2cef026ca5a77f7ab8f,0xEA64D088Fbcbb24464F33B15A6A775261C362F01,28.0,0.223790173641056664
2022-07-23T04:05:09.000Z,0x8e712f91e4c4d3275581c0e7a27f63dca376bb1c9f851842ff05f3b3af614222,0xEA64D088Fbcbb24464F33B15A6A775261C362F01,71.0,0.56746794030410797
2022-07-23T04:05:09.000Z,0xefd8ceed57c51a22ab87d26b7df93aae997f77e1fa1a30627daf86640c0e97ca,0xEA64D088Fbcbb24464F33B15A6A775261C362F01,43.0,0.343677766663051305
2022-07-23T04:05:09.000Z,0x71d8ed0b886fc8b6c74a38a2bcd532090f34344c83f2a4541684d2be4be219d0,0xEA64D088Fbcbb24464F33B15A6A775261C362F01,39.0,0.311707741857186068
2022-07-23T04:05:09.000Z,0x7a9b1f5c47b378dc12c6a4b9ef7d7a1ded3b2c48f815852a51e06d7502d840c1,0xEA64D088Fbcbb24464F33B15A6A775261C362F01,43.961,0.351358565122660429
2022-07-23T04:08:36.000Z,0x74c90653af7b9206f85418a8374dea8fc9b5b98fbcc29651ba1311f654c9a22f,0x02F11Fe7A88805f3afbE76F28D0Ee7B090d4E99B,6020.0,48.133568590347013763
2022-07-23T05:16:00.000Z,0x6c1da67c0c7c98fb14445b982a69bd17fbbe5a36fdd69515dab01e4f12b13964,0xA148F43B6Aca0F99e3a831ed07F158cE4Cde0319,23597.565,190.107510523460902893
2022-07-23T05:16:00.000Z,0x7b974d9a47bf95c949806ca08d674736f29e1186bf814e6c3dac2d4c3b7f9c8c,0xA148F43B6Aca0F99e3a831ed07F158cE4Cde0319,13000.0,104.73104478385764538
2022-07-23T11:15:04.000Z,0x11fcc318b1d0898d47f5ebe1e4cf4e4023c91fa445b9328e3221fe626719ed5e,0x9EE681ba97cEE80A74b21e30818980AAe0179528,29700.0,248.862440860490954844
2022-07-23T15:23:18.000Z,0x6df66b5318f72fc80d733edf06f91a639f547c8d45c072a58c5e94db75bf5f24,0x251D14EA6929fc5163DB5de098F82bED3710bb32,983.781,8.46296343303381058
2022-07-23T17:15:09.000Z,0x8c541082a5a9b09054a6d5d1093782888c1accfc9217fdb13e22b923f1c8fb3e,0x4f8cDB39327588A2b11EdCeBC50cC1302Aa87cFA,30.0,0.261092813431922899
2022-07-23T17:47:14.000Z,0x90c646281d5b78b4a17ce9d109a4ad73157c44aa246c3bb50a1522632bbf7ea4,0xEA64D088Fbcbb24464F33B15A6A775261C362F01,44101.263,385.090113063233385441
2022-07-23T20:08:00.000Z,0x9c48261a5321193ef58e6e9e9fb1fe11d2001e4ade61e566d7c37d6235da384a,0x5947021aBb36F092e5110DaB43B7850b739BB520,20000.0,177.171370890483895536
2022-07-23T20:09:30.000Z,0x95d07daaf708b5a9f5bee6122d017466e847a27cbfe505d5826fc5e542f60dc6,0xA0F0Cdb449723721F12A139065E1b39d479720fB,3297.696,29.21731536225431466
2022-07-23T21:10:05.000Z,0x266baa7c51c6eab4c74411e21f77bc09f498586ffca1684824708619b24514a0,0xd4912C3e08EdBa5dEa3156Ef56A79716f776a2D9,3250.0,28.971836185009660691
2022-07-24T00:14:23.000Z,0xbc95e74e2b822e8cd81a1b6a4eef4e1c63ee50320194bccc30b24bf8ddd9b60f,0x81Ef89f8D1c59949FefF0C618EBe69C9e6FFd540,1000.0,9.080184919823648117
2022-07-24T01:01:40.000Z,0x0747ff94dc56bbc43a8ed66a6af4d36aea25f06de9101e19c835ba8fa042bbc0,0x9c4C62c12ebd76FF81B709B75140604B2cfF131e,3000.0,27.368145706516445765
2022-07-24T01:43:03.000Z,0x46aa22fe5f7034da5a2f9c4c7ed3a2311f61fb895b7b73e7b2c966f872238580,0xcFe033De280444Eab8bD16f65dAFe822AEf89f62,7000.0,64.119570419023376395
2022-07-24T02:17:16.000Z,0xa7579f5d9f6a09c3956fdc11a74950ac022055c04de6be40f01bc8affa8d1154,0x618E79Fa928aA226C19B7AfE5Fef58649A8c59fb,6623.759,60.877086287640693267
2022-07-24T03:18:23.000Z,0x4df04b0c9ee027798742c08f41edcef12d8d6963e943f7c753efc4e675464a7f,0x79C0c0E159e357a9530323742CD72A4Dba704bE8,3462.575,32.013891112771467978
2022-07-24T04:15:10.000Z,0xaada1c754284b5874b80a05c5b965149c5a0627fb8303e4324be4f1d59cafda4,0x049f3663E135616a6feF73A75c502F8ba56D8864,1250.0,11.620955273261871113
2022-07-24T04:15:10.000Z,0xf6aae625cfef3d11b6b171bae730f8a5bd5d5d059af8dfe3e9734f73998881be,0x049f3663E135616a6feF73A75c502F8ba56D8864,1366.746,12.706315308727655437
2022-07-24T04:15:35.000Z,0x7f890338b0e5ea9d3eba53286b1cb6c003496a796d80fbd9751ed917f91ede75,0x049f3663E135616a6feF73A75c502F8ba56D8864,1050.0,9.761995951142597092
2022-07-24T04:17:36.000Z,0x299e8e27e7980bc3b04f96f3fb22fd7cb2fb315d2200f0413daa240cf78fde8c,0x049f3663E135616a6feF73A75c502F8ba56D8864,1021.0,9.494230960199037332
2022-07-24T04:18:41.000Z,0xe180464064cfca7b7584b39dac63e035173e7c50d162d42a4fd5452c4e10abc1,0x049f3663E135616a6feF73A75c502F8ba56D8864,1250.0,11.624909228412059222
2022-07-24T04:19:24.000Z,0x398c54513875917250d079bfd851961bec7e0d62bc7889e9a8fd871653aa6b96,0x049f3663E135616a6feF73A75c502F8ba56D8864,1050.0,9.76560060902264536
2022-07-24T04:20:06.000Z,0x27178b69d84dff5c8847ad8090c8e5544aa29f032bb880e8d2274da1d6c774c3,0x049f3663E135616a6feF73A75c502F8ba56D8864,807.734,7.512896808033934677
2022-07-24T04:20:59.000Z,0xc7ce4a8891d85b0112d9bc7ad4ee99bd065fbfe4fd870975dcf207e760fa8983,0x049f3663E135616a6feF73A75c502F8ba56D8864,951.07,8.84684950882617251
2022-07-24T04:44:59.000Z,0xcd0fd0b2439a640cd788a5d5da4c0527ec71887cd3f69aee6c88cabac6eb549d,0xc4B86BaB861FFf0C97C5Ba8C1E2a547FCAF1a422,190.221,1.773541406016341619
2022-07-24T04:44:59.000Z,0x455cbe220d7330dd5f426fa770002f846167f4276d22a8c4002c8afd21c05c4c,0xc4B86BaB861FFf0C97C5Ba8C1E2a547FCAF1a422,12.65,0.117943333207725337
2022-07-24T05:55:45.000Z,0xa1ba452c4bbf4767b4a71686807df92576f43de13230b173945d12481b5d5ef3,0x8c7751c07CCC062Dab7863B6d2Fd2d3b872b23c1,16734.836,157.093866817716700802
2022-07-24T07:30:44.000Z,0x5f0f807300c326be8a09157e75e3577574defad46eb9ac5408b24d80bd6cac01,0x52Cd47933C3428E5AE8f442A47f904c390942dce,15000.0,142.090081842117274608
2022-07-24T07:32:42.000Z,0xe77ddc2e1845b92a816458b7895cde5e70a00580899a75535e367e8bffc5f551,0xF63b9D007013a850f9ad628D9268865070721dFD,3500.0,33.160543836375336356
2022-07-24T07:32:42.000Z,0xea3bc464dab07a81ee2866d8f5a0644301553f7c9983f80859b7d788e08b4283,0xF63b9D007013a850f9ad628D9268865070721dFD,3000.0,28.423323288321716876
2022-07-24T09:05:09.000Z,0xbeef8b448986ff40f257782e9624ec55f9ab1290e9110ae32e46522b8aa0def1,0x60B0224beBd002E2cF9eF7d505dcD07Ea5BD1156,60043.025,573.86708559549184905
2022-07-24T11:19:09.000Z,0x5b57acfa54095ec672ba06decc5bb2ef9e81600c687c447504296c41bcc1f525,0xABECAf64276523F1aE4068Ee0e01CBc3735eF6f3,2400.0,23.227506906302696784
2022-07-24T11:19:09.000Z,0x4d368d7ecd4ab2eefa62f2bf0c999ab109a066c1aa49010e6cea1e45857ababb,0xABECAf64276523F1aE4068Ee0e01CBc3735eF6f3,1300.0,12.581566240913960758
2022-07-24T11:19:09.000Z,0xe7589f1042a69ba54be1a2bb7fa06103214a249abd62b33ca3d3f2e34fd40c1e,0xABECAf64276523F1aE4068Ee0e01CBc3735eF6f3,964.0,9.329715274031583208
2022-07-24T11:19:09.000Z,0x6e2fde9d4affafb96843e96881f139aef27a303ab4cfedbc2349db3bfc9d0e2d,0xABECAf64276523F1aE4068Ee0e01CBc3735eF6f3,500.0,4.83906393881306183
2022-07-24T12:42:57.000Z,0x113587e6a75ef6aee370be00301592733bc01af02cb82eddde4e9669fd6a2851,0x542a19c328650051733ddAE1794aDDAf8670B8c3,2000.0,19.507008259480841164
2022-07-24T13:52:01.000Z,0x3c6b77b676b3d651f4f57402fb844feccbdc50fd6ed805a3c85d3cceceb208e6,0xa0209b6bFC479c9fD0a7b33edE8fEff489e682b8,400.0,3.926251229363284099
2022-07-24T13:52:01.000Z,0xc185cb744cf470f94446020cb4e384dc1c291e3851b40e82bd5d28f672ef09ee,0xa0209b6bFC479c9fD0a7b33edE8fEff489e682b8,500.0,4.907814036704105124
2022-07-24T13:52:01.000Z,0x58b7ad8e3ff10c6b2ae90254758b341b0c0f8aaab8bdf47f5fb7d28063212c8a,0xa0209b6bFC479c9fD0a7b33edE8fEff489e682b8,500.0,4.907814036704105124
2022-07-24T13:52:01.000Z,0xa51bd7b8c45bc205c97c46a22bb2393689d50bf22fb6bb275c4fa85d1f7bd630,0xa0209b6bFC479c9fD0a7b33edE8fEff489e682b8,400.0,3.926251229363284099
2022-07-24T13:52:01.000Z,0xe1d693d461a1b893fe6b72d85b41cee6b503c6c50428c367fa7c747d6e102f8a,0xa0209b6bFC479c9fD0a7b33edE8fEff489e682b8,400.0,3.926251229363284099
2022-07-24T13:52:01.000Z,0x299303710a61b756b0ab25afca31c26a1230c68766053675ba34309fb303f764,0xa0209b6bFC479c9fD0a7b33edE8fEff489e682b8,240.0,2.355750737617970459
2022-07-24T13:52:44.000Z,0x1dc118f5c0eaa68e2ab96e96adf6087464f7e2ac44573340c25b1ec4e469cbc8,0xa0209b6bFC479c9fD0a7b33edE8fEff489e682b8,10.0,0.098162726992715584
2022-07-24T14:13:45.000Z,0x686141add3f9efba669c2e19803a73923c14f868defe39dcd7fc24cc052718d4,0x87A6be3552386Cc5266A5596c88022D7d8F4Aa97,3674.622,36.140556776747464048
2022-07-24T15:48:37.000Z,0xe22393a7ee3358e794ea2e79b8aaea5123b7264abae1326260447d2e5c6f879b,0xce26b6E071502c8d32d0A509f6f108c55A365532,698.738,6.931835361482300495
2022-07-24T16:12:35.000Z,0xb3200760068908dc08ebe8ba98cb0b7c9e4383813328da7367d6f5e91aae0d43,0x35080cDA95A7A6959EFfc293f4A4274110B77777,121532.274,1208.281730081768883619
2022-07-24T19:07:30.000Z,0xd2fda051a95426eac10fa4f1938b8ecae597a00c153ffadb596246ce578f09f7,0xda1C97b1Ee2EdF8E99e9eF225549A74A049B6798,577.704,5.834462838815834416
2022-07-24T23:12:30.000Z,0xb07d59108d0e9f86908aae22ab4bf61d30654e24b19cf47fe763d7829b42fb5b,0x0edCAEB7270005F31E51790bA2c5c574fF24dEc6,65.636,0.677348454729330994
2022-07-24T23:14:58.000Z,0x9efddef0f0e289933abb9bad53ac2ba84bb37387146f5304145532b777e1312b,0x131D97f8a0b172b5f65712c52478fA3a35Acd83e,2000.0,20.643978369435595968
2022-07-25T00:53:32.000Z,0xff1ab0b4971b3a540b886ce5c8acaa4f5450ce17a9a219bb0e492c311f85a9a6,0x2e09F3A922bB1F4491c2379e815fC14453c99d09,3048.166,31.733382442091610921
2022-07-25T01:34:32.000Z,0xcc3e7a7c0dcd80ca27b1afa78d86b622e10ed92a4bcce3348f2acb51eb8eaa01,0x996f047f5ca79c7a1cFb92a534Add66520D9C2b1,431.805,4.511294104239854734
2022-07-25T01:34:32.000Z,0x4bb6fdc794bebeb3fa94e3cd9603583057144cfa91c60e929f49f6d0bcbd7eb3,0x996f047f5ca79c7a1cFb92a534Add66520D9C2b1,1025.201,10.710814434665655362
2022-07-25T03:43:57.000Z,0x04e9cf3380b6cd61a86eba9d4ce2b78cb124e423a366793e7a9113b3e3ff305b,0xA82fCEFd303Fa68864b787a5f118b09cE5A4c93d,60000.0,633.836025699686471219
2022-07-25T04:56:27.000Z,0xf557aec5c4863ca03c50bb1dbb86546d8f3865b3d35df23a9d622e27be7eb666,0x1be2655C587C39610751176ce3C6f3c7018D61c1,629824.27,6694.494065349511858387
2022-07-25T04:56:27.000Z,0x1b7be053ea76e4047b77e106dd9c698ff2a0859ce0ce9fdbe1ee5c5bbc5dd5a1,0x1be2655C587C39610751176ce3C6f3c7018D61c1,26000.0,276.357793736794722626
2022-07-25T04:56:27.000Z,0x43f3f1ee82ccf062e66be67711e725cdfb714c1ed555c536f8f58b252c099d7e,0x1be2655C587C39610751176ce3C6f3c7018D61c1,24130.882,256.490665786266634996
2022-07-25T06:42:52.000Z,0x6be2a04f0383f35d00be3a6d44436a6592307cae40f4d9264a874de0032930d3,0xCDEdCee9C46284667997eB4D29f8427b696dA3df,1258.554,13.497822195786525461
2022-07-25T07:18:56.000Z,0x35acba54c21609c1021d6d4ce28a533a4ee2b24ff1620e7b3ef81c3896e9f385,0x330A21a4F5F68f56AFEdC64EdAe40F04b139Bb34,3200.0,34.423380893973614819
2022-07-25T07:21:05.000Z,0x9a558621921c9fcea7e6b841948c2032a3aa7fbdfb40696cf1bd6cac901f8be8,0x5677B247f9E3934F700d6F675a1723814dFb4903,2300.0,24.746252936000638255
2022-07-25T07:41:00.000Z,0x6f1527292fa36fde3bbcda8e3162f33fa1bb08e760f72aa783be53eec8315d16,0x349ac7eE3DE37cdcA1759578Bc6faC2c7BFdD43C,400.0,4.310862003775288099
2022-07-25T13:10:17.000Z,0xb8a55dbc88fb1b6e33c12c8374197f53f71dd8eb43a361e6c38f304b5c06f3c9,0x0A83aD9ca5E86c793c01533E128594209142aB41,1020.489,11.300219731166133636
2022-07-25T13:10:17.000Z,0x0712e197c8ae954551c462c9a4e0eba96a8f75df259c6d6254e900a87b2bc978,0x0A83aD9ca5E86c793c01533E128594209142aB41,1607.481,17.800180613093005083
2022-07-25T13:12:31.000Z,0x123e5e2093cf833eef9f702263f9f1bdf99e6dfb6c67bc4a34fecdfb0cac19b5,0x0A83aD9ca5E86c793c01533E128594209142aB41,926.778,10.264387887085711101
2022-07-25T14:07:42.000Z,0x50e08fc26288505598c545412ad291bb6c1655e7a298faa3be232bcf991c6f65,0xA1301BC880de06b84BE4D9150105c6b8cC6202B2,1500.0,16.687474698392389198
2022-07-25T14:33:09.000Z,0xe2d2a35c316db5aac519ffaa14d69107cddcce95e65ce714903d4cd63e8bddad,0xe8AFB7C355B68A2A9C616E7877D0ef3352c59D5a,7.526,0.083898906091447769
2022-07-25T14:33:09.000Z,0x33f57d9e6b929f9f322b454a9033604cbd30c6e491b962ff12c4770a160b64ab,0xe8AFB7C355B68A2A9C616E7877D0ef3352c59D5a,53.658,0.598172668489888973
2022-07-25T19:25:38.000Z,0x6baa83a0b791211d85ed22bbfd826cc7323e40de1f7295244b6144b3c636a752,0xC31E87AE18519262b1D20C19737384B1Ca124B43,1400.0,15.975340016722566297
2022-07-25T20:54:06.000Z,0xe47a892c95d15d341f364e521992452062306a2a2e2fb7d974248cf6ec38d985,0xBdc7b838cD042F01175521363C2251Fd03F24ac8,800.0,9.192424776541973705
2022-07-26T03:36:41.000Z,0xef140c181b319e8509a44e53207d38012da26fe4892bda9f675cd09f764c3c33,0x86639a057001987005e9c48663e50C5B12Eb4633,3000.0,35.557937404765600767
2022-07-26T03:36:41.000Z,0xdf107f2c956f3c8dbb85101c330a03d554c70dc12b08b52acde25a771c29cacc,0x86639a057001987005e9c48663e50C5B12Eb4633,10000.0,118.526458015885335892
2022-07-26T03:36:41.000Z,0xf78cf25e65cf79ea80876d80dd64529d1af405e6863818e9223d45e78c687076,0x86639a057001987005e9c48663e50C5B12Eb4633,19000.0,225.200270230182138195
2022-07-26T03:37:49.000Z,0x2fd376d191ad5bc824018d8720f675cb6d0a55165bb186ef07d5babcd8fed69b,0x86639a057001987005e9c48663e50C5B12Eb4633,5000.0,59.268326049652863044
2022-07-26T05:28:27.000Z,0x6d181382decba446e4675c79b8b684e6d76702c824e9c752db8208c51369656a,0x049f3663E135616a6feF73A75c502F8ba56D8864,364.007,4.35104026537898685
2022-07-26T06:18:26.000Z,0xcb49d4361eb6aaaeeecc13c0d8100ae02678272d0eeab15dbe0ba19789c143ee,0x9bc8130233193142D8deDCbdf256cD638Be3a6ea,300.0,3.599440907944892512
2022-07-26T06:18:36.000Z,0x02c871579a9613899dc9c6aa203cc3d7c4f2928e85547fbb0568030ca1a7274c,0x9bc8130233193142D8deDCbdf256cD638Be3a6ea,70.163,0.841835759759012598
2022-07-26T09:25:36.000Z,0xf940d27ca18e2def7666244f35bed721fe18278bd299876e8caacd19c174a6f0,0xe4A9cf3a85c2F764A5Cef141134164Fb82cBc15b,200.0,2.433297729848844588
2022-07-26T09:25:36.000Z,0x964a0b034bc0d4e9888d09347f51931ee9b395ce2067e704d1ce91fd744a6070,0xe4A9cf3a85c2F764A5Cef141134164Fb82cBc15b,200.0,2.433297729848844588
2022-07-26T09:27:30.000Z,0xce57be178a1ac688a85ff195b356761be4afce57de72e2daef554161b17cc90e,0xe4A9cf3a85c2F764A5Cef141134164Fb82cBc15b,2000.0,24.336395314694106124
2022-07-26T09:27:30.000Z,0xf5aaf009958e2bbd96bd60bfbff2e5750428dc66ffcce1b99977f5a9671641c6,0xe4A9cf3a85c2F764A5Cef141134164Fb82cBc15b,70.0,0.851773836014293714
2022-07-26T15:31:32.000Z,0x2439b279cc4574bee49af8119271883bd9128a0f14f0ff3bbd1807b9de02211b,0x410Ef4DF49583dAeec7A3CB09f85C2A9Ee658AFd,32065.06,400.673369809671873758
2022-07-26T16:22:20.000Z,0xed1ecececd78b1a14c2be33d7a4c9fe1ccf6b54b093a4b1fe0bf7d986255e62a,0x5cC15a41774830d9e6d6C7ddee6C6C957932caa1,82000.0,1028.389149636793619951
2022-07-26T16:51:57.000Z,0xcd212f3966ba90cc787130ebeb1c88f13afe40ab4dfc1a3bc89b53d01f35d2ba,0xF92FdaE0fe3c4e9f60Ea44304937468b3890a283,1066.217,13.400183943037375498
2022-07-26T17:30:38.000Z,0xb66facf44d68195754f5109143e43b00fb4aeae28290866d888b4608391c8de8,0xC1E42F862d202B4A0eD552c1145735EE088f6Ccf,14309.74,180.342296685009137736
2022-07-26T21:29:09.000Z,0x69476d82d4f9f448e2d0dd5aa45bc37f66612bf5ed134e7c25bfa21005cf5f53,0x5a3CC4FfDe3112c246E86d888F637cE30a0aaFCf,3050.0,39.092783053378216372
2022-07-27T02:01:38.000Z,0x56061c1b2984442986d8bca2d08da314f93a79821d555ad43046c3bdaacf307c,0xD5D8f74c93647726230Ac6364C4b5dceEE374a0a,11000.0,143.68638535795549355
2022-07-27T03:06:36.000Z,0x68eba1e6f7876fc6c4b32d57d70df35201a8527e06beb12c832728773a37f6fe,0xcFe033De280444Eab8bD16f65dAFe822AEf89f62,38000.0,498.591720613335642396
2022-07-27T05:37:48.000Z,0x4c6de987566b8071b1e6cb38b962214389c49ff85b77bdf6e996be49161cc3a9,0xbB72d39ba7F1F4b81808FF9112c03b26A2f560Ec,6350.0,84.180907449696485458
2022-07-27T06:35:36.000Z,0xbe355f86007027d85ab97e199bd944f32deb4e859e2963cc85357bd58978b165,0x80dDa80819fa9F013941055505eaF055a5EC2ff6,500.0,6.654412822146915115
2022-07-27T06:35:48.000Z,0x307660c35ee01200bae1dba1a68c7e6df8fff4c80703eee66abb3cdb033a07d8,0x80dDa80819fa9F013941055505eaF055a5EC2ff6,500.0,6.654502769941800911
2022-07-27T06:35:48.000Z,0x0af32a6370b29a2a9aa990ab0b76ae977a614ab0c8020cd239c8d30de8a9e9e0,0x80dDa80819fa9F013941055505eaF055a5EC2ff6,500.0,6.654502769941800911
2022-07-27T06:35:48.000Z,0xe7a4fbeb53ecc2bcbf5b93a86ffb9fa30e0c5eaae2b6b4d39551564df228fd01,0x80dDa80819fa9F013941055505eaF055a5EC2ff6,500.0,6.654502769941800911
2022-07-27T06:35:48.000Z,0xbb195f81c1c39d918fae9e8ed0a4218fb0a087703b59512269fda7218a7e115e,0x80dDa80819fa9F013941055505eaF055a5EC2ff6,1000.0,13.309005539883601822
2022-07-27T06:35:48.000Z,0x4a3a0cb216a15027966b844683c8611502c9608dfc1a1ef0b4eb126687b4e10b,0x80dDa80819fa9F013941055505eaF055a5EC2ff6,3374.705,44.913967540472890488
2022-07-27T07:31:09.000Z,0x9eb7a34d8dccd06cbc9566eb55de8a6068bddc634ad5d4f355cd0b51177a2e72,0x60B0224beBd002E2cF9eF7d505dcD07Ea5BD1156,24301.374,324.636991937494563624
2022-07-27T15:03:21.000Z,0xff0fbca09a5fa4230eb3bad48b00eb08e616da1df45f227c1ce0faae73181282,0xd816Fd2b18672990ff9D8AAa8155774a796fE501,13409.336,184.586691715982453822
2022-07-27T15:34:47.000Z,0x58bcb3f9cc53e89800315547aa1f430cf316db8da141b20644d1db0da4f454fa,0x51129076a523B041f85B5A73B1d8522c6230034a,22000.0,303.46380158641566402
2022-07-27T17:11:38.000Z,0x5bf8557a5fc2aa5a9e32c3b095ad23f9850b446a1bf1a6536b5c1787e899d3f5,0x43A20a80E7e61B77eC834C1A9f7435Df0DD11b49,1415.171,19.643880535283593295
2022-07-27T17:11:38.000Z,0x2d32dabe5d7ab97e55b65dbfa9ca0e33aa6c67e28a53f15401f87e5ef527dbd4,0x43A20a80E7e61B77eC834C1A9f7435Df0DD11b49,7665.433,106.403289852053582503
2022-07-27T17:11:38.000Z,0x7465b54229bc6a47f4804fd152647814e2b01a99bfec156e03fa3f7f7a5445e4,0x43A20a80E7e61B77eC834C1A9f7435Df0DD11b49,21000.0,291.499395649681529088
2022-07-27T17:50:55.000Z,0xdd075fc6a2a3e8b669f367e8721ba02a046cd5d6c19f8f2f80406ad68d38982a,0x8c7751c07CCC062Dab7863B6d2Fd2d3b872b23c1,14000.655,194.836728471446470475
2022-07-27T19:43:24.000Z,0x01e61f958b7f3cad0075f3cfc4ae382b8796d244f84ff45e4b539b3dcc81588e,0x5fE8a15dbE1863B37F7e15B1B180af7627548738,1960.886,27.486590816766044729
2022-07-27T19:43:24.000Z,0x6dd5447d72ac3b196fe245870191fc14b1cd942865e0537d193b1860630525de,0x5fE8a15dbE1863B37F7e15B1B180af7627548738,2551.889,35.770936583160002732
2022-07-27T20:34:43.000Z,0x12b9e6197471125579076a4a7ccbcdf6ee434422a262c3f8d4c729c344d3ca36,0x0e3081b10DB9A0656Bbf5b1EAa99bc303CDC9203,4392.392,61.772811550543134196
2022-07-27T20:38:24.000Z,0xe143007167b5c1cc23ed25849265ae669de9fc3a2b5c90aa00ea3aab9b0c37f2,0x488BCa29538691dd89cF32F9fF4D49974a389f13,602.509,8.475437262054705206
2022-07-27T22:29:12.000Z,0x6a7053755ec5f43158a7876f5722c1e0a5a8c35011e805f1ad8439ae9eed0867,0xF63b9D007013a850f9ad628D9268865070721dFD,1000.0,14.166567816324779452
2022-07-28T00:29:16.000Z,0xf29f30aaaf1b658ccee6ee9f1aadb48453e5f3b7979dec1aefdf46c6bd61ddfb,0x9979CA3F09Ace14230D5c5883FC75e31E4693941,20920.563,298.631939212411300427
2022-07-28T00:30:01.000Z,0x76b9bc6f5bdddf16816643f7128c8dc695bb3bee188bb688649cf48584792705,0x9979CA3F09Ace14230D5c5883FC75e31E4693941,9491.961,135.500018914235922737
2022-07-28T01:20:16.000Z,0xb176c180d22473e5efd3c927bde34564722a6b339bfefbca9094fe2822204691,0xF45E9259f70787b64f0ecEd40213B07bDc3F0c32,43.973,0.629712642634356604
2022-07-28T01:20:16.000Z,0xe31dd9dea415c39863e18909bfe005339dad5825161ab688405c57901f46918f,0xF45E9259f70787b64f0ecEd40213B07bDc3F0c32,75.794,1.085403316485762274
2022-07-28T01:20:48.000Z,0xb514baca9ec8deb8a431b954d1cb803544fef67765ca446f4cb402b175978300,0xF45E9259f70787b64f0ecEd40213B07bDc3F0c32,36.636,0.524661160360330824
2022-07-28T01:21:52.000Z,0xa551128a810ae2d1cdebdac3f81712a06f847955726409e994c1c1fcb36862ae,0xF45E9259f70787b64f0ecEd40213B07bDc3F0c32,27.007,0.386790950382073307
2022-07-28T01:21:52.000Z,0x6cf00d09118d4ba029003f49fcd717f1e00b4df49322cbe3d543587e39708860,0xF45E9259f70787b64f0ecEd40213B07bDc3F0c32,24.438,0.349998046633728569
2022-07-28T01:22:32.000Z,0x73a85846a0a730e22f30fbf04004a6d4901fb57b4bb94f36c76b5ab092a5faf5,0xF45E9259f70787b64f0ecEd40213B07bDc3F0c32,29.7,0.42537757662556672
2022-07-28T01:23:50.000Z,0xd8da91cc250b8291ab33dc8224fc109fbad6766ef6d33dc7bafd623b0aa10de7,0xF45E9259f70787b64f0ecEd40213B07bDc3F0c32,33.63,0.481704236798931265
2022-07-28T01:27:52.000Z,0xc6eee677e2db723bfb916ed7da1936ab431592f9d4fcf1284d372294d19e7b93,0xF45E9259f70787b64f0ecEd40213B07bDc3F0c32,16.536,0.236915811846146869
2022-07-28T01:31:13.000Z,0x5defece31bc370c9e2236a8c366e803b3df8e2c8fee665c1a87ecc1d1564f8d0,0xF45E9259f70787b64f0ecEd40213B07bDc3F0c32,369.431,5.294052550141982099
2022-07-28T01:34:33.000Z,0x01060fd75c1b7395a9589af8f6602b405048e317fb83df8f0264573512c65e71,0xF45E9259f70787b64f0ecEd40213B07bDc3F0c32,101.342,1.452563875299223603
2022-07-28T01:35:31.000Z,0x9686365efdbdb8f4644e11aefeb9eb2a50b3cc9e8328f74e086f8b07b9b39da0,0xF45E9259f70787b64f0ecEd40213B07bDc3F0c32,137.243,1.967262510079502139
2022-07-28T01:36:50.000Z,0x0ef7670855ce77fc0bac5a55f7781c00b5a13f8186e5cbe1285a43dec3313531,0x91E371C3CD3Aa81aF27b1602D4d8cf9D81ec5a90,627060.622,8989.127130527896961472
2022-07-28T07:25:23.000Z,0x6428abf5034d940276f72efeac4b684cb1d78a62f528c4cc7028b4727575f1b7,0x448811Ca2806a04AC3d1f356537dACC4D03AEE87,1435.854,21.033614033604318844
2022-07-28T15:11:31.000Z,0xe6c0625d7ac3743333f1416e63b78456556c91e53edbf576d3a031523ebd313a,0x096711587CA6b88bB54E96F8652CF81Ba3657fd1,7700.0,116.024597579384793418
2022-07-28T15:18:39.000Z,0x81668bdbcb20512f46d34079cda4d386fde8becf54358f28dd4efd458a00a785,0x5356df73b293BD9c6e8eFD22C99833391EF8821A,120.338,1.814040696307081691
2022-07-28T15:18:39.000Z,0x9d17c7422fd6d31c7faa9cea796a7d260acddc4a3ece7b606af87bb2c0049567,0x5356df73b293BD9c6e8eFD22C99833391EF8821A,189.427,2.855525993280273592
2022-07-28T15:18:39.000Z,0xe23a2f4358adfbb34a225946b32f0e0e37e6d329e44886827d8ec8099fcd40dc,0x5356df73b293BD9c6e8eFD22C99833391EF8821A,4180.0,63.011601576921682842
2022-07-28T15:18:39.000Z,0x4cfbbbb36491ac8c4139ae0583189b121818b36a2157afb78afdcc573a52d5d2,0x5356df73b293BD9c6e8eFD22C99833391EF8821A,1158.962,17.470825786313949136
2022-07-28T15:18:39.000Z,0x3b76f4080b924cd75a14275f6f37d4da3d092929eebd329a6a4c3c1dfe05856c,0x5356df73b293BD9c6e8eFD22C99833391EF8821A,1250.429,18.849649269911149032
2022-07-28T15:18:55.000Z,0x91901f75c148dd76c2d41413254fe394a537f1233593365a243dcb77a0364659,0x5356df73b293BD9c6e8eFD22C99833391EF8821A,558.362,8.417187488883596802
2022-07-28T23:31:51.000Z,0xcf17fe40d1ccb866da91034adce040a8956f282eacc7c8121e67f9db871ec87a,0x5D082946daddA4Ac0259c4eED8dAc62De97078fa,15000.0,232.772525342642861793
2022-07-28T23:31:51.000Z,0x198debf437719b3d4604243cf196bb5369014d72a912a9c4a97e40a46cda9118,0x5D082946daddA4Ac0259c4eED8dAc62De97078fa,2000.0,31.036336712352381572
2022-07-28T23:47:08.000Z,0x56f290257a56fe35c02d5865dd263d4e42611918ab4754671f0624f45af032ce,0x5D082946daddA4Ac0259c4eED8dAc62De97078fa,10000.0,155.319153774945699185
2022-07-29T00:44:00.000Z,0xe9cd59f68b19e787d34b01f3d788f45f1a0363baca0e841e355be82af2556199,0xC5239E1248a7D9b6B4292136F577A7212dc6E749,280.0,4.363258393252161897
2022-07-29T00:44:51.000Z,0x71eaaec3b55cae4fea173e06613ff37d19fad52cb433ac4f99e74c798b615008,0xC5239E1248a7D9b6B4292136F577A7212dc6E749,220.0,3.428442654217420786
2022-07-29T06:26:07.000Z,0xffcc70a29210cfa618f1bfd446b64a3ab48b1845fa16f979ac15bc00f8b339b5,0x5e6FF93A0ac631F2196567B720993c04Cf7AbdC7,6786.912,107.849407510125292316
2022-07-29T13:38:15.000Z,0x58d585e0f4c2c3b0bf4369401d8447d11b85ed58329ca8f00f470f2fe96eda2c,0x8209d9B30F613d766d2f45D1587FFbA22b7eaE44,1500.524,24.427760189056205218
2022-07-29T16:10:04.000Z,0xb3b7ac7e1c3d7756b3db8e3276dc4695175c209f492e8d2e71572937e89d62d2,0x745C1477C0e3CCCb00AAdd4D407abADe083C99E5,775.624,12.732676343274928076
2022-07-29T16:11:49.000Z,0xc6bc56538b4c65d1d930bab9084289ba8a34a0229fb581fafbc8659ec3fa3d0b,0x828A30F9bfFf6726765b5C7eAc213B5Ad22fbFb8,736.711,12.095038538518040448
2022-07-29T16:33:48.000Z,0xb84154d6595175e975c0fd569e72fe9a56068968b2c5e4fe7286a46f21590f4a,0xd0D289dAe2BD66DdC6dbD32F1537426BF71141A0,7500.0,123.280423845086861032
2022-07-29T19:13:55.000Z,0xead56cb8f88953eaf48e30f8cd1311bd81ded7d09b01c6cb18d1c25d698ba024,0xda1C97b1Ee2EdF8E99e9eF225549A74A049B6798,7048.213,116.869318379390241023
2022-07-29T20:37:45.000Z,0x7f8b586a95bc8b3d1f04f4f2be9de1e8605e38e6a24e5acf8d95836b3c8275b2,0x182FE7b9218592f5e072096C83a270281b74529a,129.345,2.154476058455591218
2022-07-29T20:37:45.000Z,0x9de75921957afee9170e5585eede1bc13172d332e625df4c33ccbc52756a88a1,0x182FE7b9218592f5e072096C83a270281b74529a,67.857,1.130281664529908796
2022-07-29T20:37:45.000Z,0x5477cf2c0d4296a544f09e636af0328f3901f43fec2e0f3895ff88a421e38863,0x182FE7b9218592f5e072096C83a270281b74529a,138.75,2.311133426964422911
2022-07-29T20:37:45.000Z,0x9f04c57fdb21044b2159ac5220c981271042d80ba84485656619442bfce2555a,0x182FE7b9218592f5e072096C83a270281b74529a,57.0,0.949438597023222385
2022-07-29T20:38:27.000Z,0x8f51ba1aef9d3cb324e1a671326f3e01118a47c210cb983621c97c49ea926eee,0x182FE7b9218592f5e072096C83a270281b74529a,88.539,1.474833711106593557
2022-07-30T02:52:29.000Z,0xbb2ebf0495b0d86977d295fb3f3e5609da2765aae5c0734eaec8ee3e305474a3,0x0edCAEB7270005F31E51790bA2c5c574fF24dEc6,23.957,0.407122427760048619
2022-07-30T09:14:16.000Z,0xe88c1777305ba17683f31f7c2470ac307777f45196e33f0f847c8c630f90852a,0x245A4887C7CA101419D629E447f2dE60d8861de4,10000.0,173.372875512456736808
2022-07-30T09:28:43.000Z,0x2f2afdfb614e8d46f4790f7e816f7c8fc31c55b02a448991c6af52fa19baa3f2,0x5B4cA4107614101867DDE9be9619b6003db0ebB6,807.0,14.001680001138583643
2022-07-30T16:40:39.000Z,0x1987e92c7096ec10693dbd45e7afdc90064486f2678586940d52bdc94e939613,0xC1E42F862d202B4A0eD552c1145735EE088f6Ccf,127000.0,2252.827538572223277532
2022-07-30T17:26:38.000Z,0x6029a82ce0bc66bb37549fd5ecf9e04cadd7523afa0281bca9fd48a564f0948c,0xA0F0Cdb449723721F12A139065E1b39d479720fB,534.413,9.501948918986034513
2022-07-30T17:26:38.000Z,0x7f2ee1031937d0affffb2e4e6fe1c55aaf9cb02d5a93db376c551948b4712c03,0xA0F0Cdb449723721F12A139065E1b39d479720fB,2206.704,39.235551319526580202
2022-07-30T17:28:03.000Z,0x74a9cc26a845b3dc8092f77aebe3b097be2ba6e5535aeb6555ad3c4bff42c91b,0xA0F0Cdb449723721F12A139065E1b39d479720fB,1020.133,18.139428397338992986
2022-07-30T17:29:50.000Z,0x93b5aa2e59aa977129cbd9b3d92dae2f31da499d00d5837dd49a3b4dbc3871c4,0xA0F0Cdb449723721F12A139065E1b39d479720fB,1702.246,30.271106733407218203
2022-07-30T23:34:07.000Z,0x897520a06ad73a20cf676dac8bc80422376097cf6fc3f3a0acda0b447011587b,0xca297F9413A18E4b919799D0D0A5Ad9c1bE6A0Ba,1738.464,31.484806337263552023
2022-07-30T23:34:07.000Z,0x2c777d532c68eff56945e7e732d9d7ef620534703400feb3a04f31136375552a,0xca297F9413A18E4b919799D0D0A5Ad9c1bE6A0Ba,1017.824,18.433508847706330171
2022-07-30T23:34:07.000Z,0x86f49f73d00c318175c44fd36ad6b21e5ca7c82b92fe08010629b1d0f26b42ab,0xca297F9413A18E4b919799D0D0A5Ad9c1bE6A0Ba,475.0,8.602584241146314914
2022-07-30T23:34:25.000Z,0xb30d9cf258255ee362ab1716470e0cd04bab4c3e8629183d922a01d7ac6d6ce8,0xca297F9413A18E4b919799D0D0A5Ad9c1bE6A0Ba,76988.131,1394.330001045022397494
2022-07-31T03:08:03.000Z,0xbaa4939b6e33a27afb773bb890d8923beaad3775717e09da9a0021bf58e73133,0x60B0224beBd002E2cF9eF7d505dcD07Ea5BD1156,36440.167,666.969186026357455388
2022-07-31T07:15:54.000Z,0xe087125cb41cde784bf63a4013e91128a2ab6244671c22b028aa6583e277c9b2,0x6F86c2e72467750E634E1d9298845E75F9e55Fd7,1074.28,19.902183891718186065
2022-07-31T07:37:29.000Z,0xc1889003e8c03a4a1c6acc918cb16546c6d8246ae28b2702f62abeecc59ac858,0x8AfAbDC1d0c2eB94Df0bbc85554424334d84C1E7,385.412,7.14765104783383174
2022-07-31T14:28:26.000Z,0x913fdda8c31f353d3e5b06d0a17f80899b7cd19414baf5ad221744f6610d9a4f,0xd816Fd2b18672990ff9D8AAa8155774a796fE501,27733.498,524.582492236597371328
2022-07-31T15:17:23.000Z,0x3ef611992357eeed9577a0b153467c7311427fe685197f29d8ca62a2fcb0a510,0xdB012F63fCAd8765FCd1514ba7fCe621C5577892,3053.023,57.882724772173079968
2022-07-31T15:18:15.000Z,0xa5b5e25e78b42440642310302a76999caaa4f4ba57ab0b9357a281cffb7fad85,0xc7eC028C706ec2FCfdCf66bba7e80DED634f6Ca9,3200.0,60.671778494996106158
2022-07-31T17:58:04.000Z,0x5fcf9ad5d78576a6c6520ccd88481256555ed309124b7d5fd1cc518b41850dbe,0x43A20a80E7e61B77eC834C1A9f7435Df0DD11b49,2340.631,44.714671116039353585
2022-07-31T19:12:20.000Z,0xdb72ae4b1f8a0a88da371c69882a458ca2871442d1e3af084d76bc7573dfcf65,0x6B5e7f211e9E870F0139400bF91F70A03153d730,2206.922,42.307761954987082709
2022-07-31T23:36:03.000Z,0x5fc3efb017ccf49eeec049a359270255f39bfcdf218235d089d3fd41defe67b7,0x970b52Bf8964934E721f655325cc946e4901bE6b,100.0,1.940769090262777491
2022-07-31T23:41:46.000Z,0x4b377d656a81c3dc2a5e9ad60d06bfd9a8b103f60d9883e6b39830098ce9dc9c,0xBc3D20463320958Dc7DE604b5FdCE94d9A85CEB2,1100.0,21.3541162100589542
2022-08-01T14:43:28.000Z,0xfa3f9f1611fa2aedbf14a97a11018d4f9605ec15e2a64f7235bc7d63076d8b7a,0x3D2306f810CEc6641A17471b360A8C199a277BB8,1250.0,25.279865230900792607
2022-08-01T14:43:36.000Z,0x14774dc96f33627ec9559c139197a430b4f4f476f9985511bd340c9b287235c5,0x3D2306f810CEc6641A17471b360A8C199a277BB8,1000.0,20.224012115113815146
2022-08-01T16:34:29.000Z,0xa47e3685a4a34ebeab6e0f0902a1b7064112b997508b54153ac2eecfa0586acc,0x362BfBcE031f9FE57691605fdC791FB1B084221E,2000.0,40.647498456686030222
2022-08-01T18:29:35.000Z,0x36f965684f8568aaac4bf912aa10a4bf80efeeb0a03cf5e97d1170b8cba6cfed,0xA0F0Cdb449723721F12A139065E1b39d479720fB,8065.849,164.763349026159283697
2022-08-01T18:29:51.000Z,0x05084573174dcb0b58696b099c7b22c6067a0fbeb3bb639c2a1d4dfd7430edff,0xA0F0Cdb449723721F12A139065E1b39d479720fB,2000.969,40.87483226799786711
2022-08-01T21:28:49.000Z,0x1595598fba2a2e61d8a4047b992a4f9a73e41af5cb43e617966bf33f01eacd2c,0x5947021aBb36F092e5110DaB43B7850b739BB520,20000.0,411.769911425804151239
2022-08-02T06:01:31.000Z,0xa01d3b4c85fdadc2a47f5a360fcaa049de5b1abd9915c281d43a33c375da9b8d,0xe65572aeB09776e097ad49bA86B3C39FA4ab533d,4500.0,94.723460620513572972
2022-08-02T08:05:22.000Z,0xd680ddb80d41278221a2d3b0443d00987ecac285bd1412ab88b2f0824fc178bc,0x22E86ab483084053562cE713e94431C29D1Adb8b,2000.0,42.322116519271482084
2022-08-02T11:40:10.000Z,0xfa86f90d258500cb6871efe2c0ffc081115cbeb9c5ddedfb3f36e8fb856779f4,0x99C515BC95E43697B38f419d5359A3876B68E538,100000.0,2135.426612305043052738
2022-08-02T12:08:13.000Z,0xffc4ccbd2a46c2ba55d51aad43340b8879c361e653efd96dae84b2540ef84bc8,0xd0dB7f650EbF84CaE67E827dCFFd839082A70F02,130.332,2.786432535168265791
2022-08-03T02:17:39.000Z,0xc69c2def4544d5711aa45ddedc71c8630602b7f98a01d35988508162fe5b2d3b,0x7EF52384Ea434381843DD86928d8216A7d56E6B9,30.473,0.674780186810300713
2022-08-03T02:17:39.000Z,0x6f2e6e617923aba60599168c406b9adfabcac0df73e01b0e8d425eab4260be94,0x7EF52384Ea434381843DD86928d8216A7d56E6B9,25.0,0.553588575796853536
2022-08-03T02:17:39.000Z,0xbe616f9f7074387286aa1ca009d6ddd3b3a67268a2b2a53e9607c1f37665c498,0x7EF52384Ea434381843DD86928d8216A7d56E6B9,76.589,1.695951817268208621
2022-08-03T02:17:39.000Z,0x2d9eebee033bb50ac675bafaf829c0b4d8ac9a2af2db9fe3622d0862bfb454d3,0x7EF52384Ea434381843DD86928d8216A7d56E6B9,147.054,3.25629657700922
2022-08-03T02:31:22.000Z,0x964c67e701ee1583ea9fac91cde1285392c8442433519bb8a6a6ed766fa7fc4a,0xf00C9CAe156084EF119ABb5822fc5f86f79d184e,5050.051,111.888328348841272556
2022-08-03T03:35:42.000Z,0x3b04304c8eb222eb6982a335c455e1c1ee3557f141df1b7c04d25d337629d899,0xF63b9D007013a850f9ad628D9268865070721dFD,3500.0,77.748115500238767974
2022-08-03T10:27:32.000Z,0xb63fcf73f6a8e1d448ba2f623fe93bc986a9368999d6829a079421b047ef7335,0xcB0c71764A4642FE54bee818c0D9bFf2f8637BA3,2000.0,45.168364575441015418
2022-08-03T11:55:26.000Z,0xdf111383bbb7fdd083356570d7e965cc39d2da42da07ec0dabd4ca728014c319,0x16E95f6Bf27f0b16B19AD7D07635E69c49897272,30410.092,689.191408025186715071
2022-08-03T12:00:26.000Z,0x734962fb8382905af6decc15a7eb2f2129e72e4bab077a04429908700acb1574,0x14EB987F50389Df4229d01c44e65Dc27E29679c2,1194.313,27.072381088074288017
2022-08-03T12:00:26.000Z,0xb6c8f5ea978501e88a342a528da2d1341e79d69700fba2482b21db1e33e0cf67,0x14EB987F50389Df4229d01c44e65Dc27E29679c2,844.953,19.153178117890062222
2022-08-03T14:38:59.000Z,0xb0a1b125839b5210ce37b93e5b636d93f476091f0a331010862886695b8b5df2,0x4a40Bc93b4C8724B9BA9267587f37E6e80cDb358,15000.0,342.155340269412620596
2022-08-03T15:51:30.000Z,0x3a66eaa0eb52baca8c1655b0da41158ffcf47a5c7541e0e784eb06adb07ad1ae,0xbB72d39ba7F1F4b81808FF9112c03b26A2f560Ec,12400.0,283.657231190847168358
2022-08-03T19:47:19.000Z,0x60406cc4994e71c05f6a1483e19d8568c6baaa4dc5650a1f56ac89a64014a59a,0x0a14E36b53cE3aFc4330b6b09B689b21C0DDB3cE,400.0,9.235078020876818097
2022-08-03T22:44:55.000Z,0xa8b38cf8ce0e23a691d5cb9cce99e03097b377089f53e8c7d6486a3de612129e,0x4840F547C39A18E416A240Ed64134516A41b97b3,106.015,2.464577599241415817
2022-08-03T22:44:55.000Z,0x9e8fe6a18d8d5aba8ee0498f71f159b3ebdd188e23795f3499ee9ff4e3b8ff7e,0x4840F547C39A18E416A240Ed64134516A41b97b3,71.102,1.652939644967817265
2022-08-04T01:40:02.000Z,0xf41e745bc775898280acf933c4700a9307c9996fd407536ce67dd68bf7a2080d,0x7302bC5b47F5588174A148C90747a88CB528A8c1,1686.25,39.466606913445037043
2022-08-04T01:40:02.000Z,0x18a9ee9fec03e9a7f762bfe3a226c69496b47011e74ec7a668fdc48c061b0a81,0x7302bC5b47F5588174A148C90747a88CB528A8c1,427.0,9.993916176154799595
2022-08-04T18:49:06.000Z,0x456075346715bd8c8fd23f9db233137e28e42b80bc1062ced85166b286950add,0x504552190Ee73a58cE0C9aD2690e82F67Ef14479,10000.0,243.305786906248246595
2022-08-05T00:53:56.000Z,0xf84aa0e52532b9d4e0f843515076507a27a0e4787649edbebe6aff74141bc53f,0x60B0224beBd002E2cF9eF7d505dcD07Ea5BD1156,50540.526,1246.265600588275507305
2022-08-05T08:39:58.000Z,0x97fa9ccede004bb7de12ae1085968acb71fcb621d2c724aa161a7f698ca535ae,0x14EB987F50389Df4229d01c44e65Dc27E29679c2,580.778,14.564707088324912091
2022-08-05T11:45:54.000Z,0x450e868de8c6ca453a6ee595f7ea4654549bac6b77fd1cd3924161f2269e1b18,0x27026fd0e2a5E0ebC808B2ED2943e3641999D1b1,906.793,22.892141507455514465
2022-08-05T14:54:25.000Z,0x5a29c23b71d0647881afa5fff2fb5cafffa03e8439582be2287a8b9209955a20,0xd4912C3e08EdBa5dEa3156Ef56A79716f776a2D9,50.0,1.270736722684123483
2022-08-05T15:35:53.000Z,0x930004b33db21420876b37c58b0684fc90da0fc6fbd8b16dbfbbec77b775ee97,0x427E27356Ef26855c13c6BadD1F771E1C14a93a2,842.757,21.449878811453931557
2022-08-05T22:32:50.000Z,0x81290c91093ee26f6ec3996562746cdb14210f7ebd1c9d2813bf853fa86ec3be,0x796c85135b28D778DABB786aa8a4f6B59554a0cd,11.79,0.304501156912142263
2022-08-05T23:44:01.000Z,0xaa9e4f2b25c475807d6dedaa106e3ac9c4a05aa0d47b180b15b506d5141a7cc6,0xa4675d68f4fC3aE2D1644aE000027CdfEb68b377,1937.0,50.15105677834523737
2022-08-06T02:26:09.000Z,0x3d313c1560479cb6b0cb4f5f651a847e68c845c3b357d0c9aa52f29680009cf0,0x1830c41eeDEA4F101688f1aa6b2C2eF9370AD48D,700.0,18.225853333454070376
2022-08-06T11:20:18.000Z,0x17e891cad65415e2cc1a950142efa380ac86772a9b3d00d859be6c09cf3db0b1,0x93c460A6d3Fd2BE77CF07a92E67614792a45A9c5,5.0,0.132586947399441466
2022-08-06T11:41:35.000Z,0x59a6ffccfce28450c2c90e389ca1f3a849a1147382ae51dee9f90a09ab7585b2,0x35080cDA95A7A6959EFfc293f4A4274110B77777,79570.966,2111.537594454593053559
2022-08-06T12:56:09.000Z,0x38d2068372fe559f9c7d7dd667c618eb09b74c9de8094fafedfdb77c5704ea37,0x35080cDA95A7A6959EFfc293f4A4274110B77777,21677.69,576.704689960828234286
2022-08-06T14:08:19.000Z,0x3072e7bf635e1a611ef99422243747e5cd6c1f26d6c29e3807a6310face1e023,0x5c200Dfef95d8Bc04315424B3f4a2249db248d45,11111.0,296.313889793643467319
2022-08-06T14:08:19.000Z,0xf8c8fc24f0d3750b6f68e21df26a226c4d4159189da9854d62b1ae5ee7fe52dd,0x5c200Dfef95d8Bc04315424B3f4a2249db248d45,1000.0,26.668516766595578014
2022-08-06T14:08:19.000Z,0x5fdf3617fef8ccea9f770098870d8ead06afa56394e9e7ba76a49f08c84f3e76,0x5c200Dfef95d8Bc04315424B3f4a2249db248d45,1400.0,37.33592347323380922
2022-08-06T15:07:50.000Z,0x754e71b6f2ebe9f6b97a9e114352822bedc89be0a3b6078c606cff1b6fab6f1f,0x35080cDA95A7A6959EFfc293f4A4274110B77777,48272.576,1289.942223091357653728
2022-08-06T15:07:50.000Z,0x1e2a090f24e740854b6c6fff61763decf1ba359062cc6c8f48ac92db60a1d330,0x35080cDA95A7A6959EFfc293f4A4274110B77777,1194.798,31.927452727302308083
2022-08-06T15:07:50.000Z,0xb9f26ea84fd0e496221fce5f9dab4e3b7742873fa077d49d7d5439e2b52e131d,0x35080cDA95A7A6959EFfc293f4A4274110B77777,833.451,22.27151987450835704
2022-08-06T15:54:24.000Z,0xea4113e2cd1a0c005ed266e422b33a84718e69a89b990e66725a23d78af8568c,0x7331D4F967331852a78D53f6040553c33de9Ff90,1778.878,47.609777629868340373
2022-08-06T16:07:39.000Z,0x28fda18d3d6621a1d9f8c5014dca08e348637b824a9934d08d6e0586778de9ed,0xB8b3443bb3e12d225Ea5e4A17108ff60d026e774,25.141,0.673171757192373153
2022-08-06T16:07:39.000Z,0x7984cf9a21d61d2ebaa21f33bf424419a765b9cccafa9a756a44c05f9c659905,0xB8b3443bb3e12d225Ea5e4A17108ff60d026e774,2804.106,75.082334170226988368
2022-08-06T16:07:39.000Z,0x81b3fae1a6f561e786023abac8243586ea185274df7e26d90374ecfb361c2a0d,0xB8b3443bb3e12d225Ea5e4A17108ff60d026e774,41.715,1.116954769153169965
2022-08-06T16:24:45.000Z,0x63e5010953c326775247623a965e596a393523f8e6a7eb0dd7ca4debe7c403db,0xF9cEeaf31368B870aD5762204E3D0937FB2257b8,2700.317,72.344828783495496347
2022-08-06T17:41:25.000Z,0x77850044d69fbbe2cbadc1f299b8780d4989b897b01224596d0574ebd4877e8f,0xF8DE1E04e35D3059Ed38a80c23a85884c3a12833,5000.0,134.30097758748604485
2022-08-06T19:07:34.000Z,0xc972bb65e02e1f9f11c4d900c8523648d0676af42fa89f99438057a63e3db148,0x086f0f5D2cec81f9fd69332A2aAc8872188FDd8D,48905.913,1317.412105577110175505
2022-08-06T19:21:47.000Z,0x07cdd465b6870158557c3b6652f6f0e6ed4071484f44c8282e24b2d4c7d67ed8,0xEA64D088Fbcbb24464F33B15A6A775261C362F01,531.843,14.333420476072991068
2022-08-06T20:26:53.000Z,0xac5f8e82d505c22ebc326b57ae344a5f96f1fabcda2e3ed872f0efd4671a2c93,0x6340aD78C79b6b5B9eFb7d7F0ed40b500253804E,1014.552,27.402064527413754585
2022-08-06T20:37:29.000Z,0x1920d971848880dbebf32deec0bb65744a1e6c452d32e139d96b9457a7d875a0,0xb3F3658bF332ba6c9c0Cc5bc1201cABA7ada819B,200000.0,5403.712720338560039172
2022-08-06T22:22:19.000Z,0x5f367800a099ae5f20eb297fd599912fbf18328b183ae0cabc77acab17673b37,0xAE738A037EC2d8Cd4DC271475eed9e8a53604662,1350.359,36.612092995332928816
2022-08-07T00:11:49.000Z,0x0337dbb3004c62c5a92ec92a86c81606df84634be9208baeab66aafd52acbbf2,0xA0F0Cdb449723721F12A139065E1b39d479720fB,1071.0,29.14335768005128224
2022-08-07T03:13:14.000Z,0x62f6f1b471b0f4a46e20422fa9774126c5f7d703d0fd7ade7564e81a24125eec,0xAC75CdC34283406B050caDF4EA5902A9310b138e,4000.0,109.498127999813349082
2022-08-07T03:13:14.000Z,0x7b71b8305e6c4c8ada487778e7f6ce0d445641b735a456690c6f4a656b39b280,0xAC75CdC34283406B050caDF4EA5902A9310b138e,5500.0,150.559925999743354988
2022-08-07T03:13:14.000Z,0x2252c6e06f377f90775da2bdf4aa27a41eccbd486c0dc460c04960387b572596,0xAC75CdC34283406B050caDF4EA5902A9310b138e,2800.0,76.648689599869344357
2022-08-07T03:14:03.000Z,0x61f91d5c70ce7b5f6f9f460e3824447e44017d1d21f9c8d596ac05e6cb6402c3,0xAC75CdC34283406B050caDF4EA5902A9310b138e,7157.262,195.931955187180301811
2022-08-07T03:16:06.000Z,0x758408a680cb86495d8595d30c8f4879153be5b12c2771fed8bc6d366856dab9,0xAC75CdC34283406B050caDF4EA5902A9310b138e,2000.0,54.754221006813460169
2022-08-07T05:43:07.000Z,0xe02502ba958823b6cac63df8a4a80499b76dc227360d30cba5fa6d6cb19bceaf,0xe7357cf2E07F55fB2F5cA79716f65E890221D8ad,2350.0,64.646969569991794398
2022-08-07T11:52:34.000Z,0xb12804ac6ba3f12101b9d5e4d6492b64ca0bc2cc3b4abd9709169b7ca979bb3d,0x9092baEfF0aBDD6ac6E92fc4e7fedb7Ca71D7011,3319.582,92.422676311978231158
2022-08-07T13:30:04.000Z,0x8fef0b2e275489daef0c1870c90e7490870d833b3d73d582632a5d4138e1b5a3,0x82674C58211C0134348B016810Db718b832d4233,9077.492,253.52854179634420042
2022-08-07T13:30:04.000Z,0xa7a727dcad4edd577c7d03a2a8ed353b8cd80a8fc7c73da439de6b5cb55ff21c,0x82674C58211C0134348B016810Db718b832d4233,13460.629,375.946752917169504326
2022-08-07T16:19:57.000Z,0xdd0a38f221736e299db5a57a21ab5c5b2803e4ca4f3c73d08a4a0e7075d37db4,0xDcb3a61Eabc343e044989537F60FC61214EBdAa1,1100.0,30.890382922980944937
2022-08-07T23:08:21.000Z,0x634be0c1fa4e56bc59fd1123d48d1ccc9b227ded6b8881547ca5fe74af4391a8,0xFA13A3c6Cf759E00f726991eB6DfE4E5E3a09d6F,1000.0,28.449513087932631101
2022-08-08T01:02:27.000Z,0x3c1494c68df9def849dbe56c63c4cd18963eef9ce5b068e5d79a6508f1cb1d7d,0x04D23a785Fab0da015e661354c8D05b18876E9A9,1135.531,32.421844085563590407
2022-08-08T02:59:21.000Z,0xe00038c4d96f88ba5d092feb60a7dcba584dcf0681d97daebc6080197ad9aaa3,0xA0F0Cdb449723721F12A139065E1b39d479720fB,1422.346,40.76058534983992646
2022-08-08T02:59:34.000Z,0xc35c644eb9fa5d74ff9c770f1216db76c17a9482b9dc5a9e9f68ae73123bb652,0xA0F0Cdb449723721F12A139065E1b39d479720fB,304.031,8.712764545935163816
2022-08-08T03:44:51.000Z,0x84c537e9ec49eb103788a7975b77f0bfba108e6c9df24d4f10af21cde6c8f591,0x049f3663E135616a6feF73A75c502F8ba56D8864,700.0,20.088753118554299637
2022-08-08T03:45:30.000Z,0xd3fc5e2c9c17971113245bae0d673ed7c435e4fbe51a70fa289d1e92164b7cb1,0x049f3663E135616a6feF73A75c502F8ba56D8864,500.0,14.349401700729307149
2022-08-08T03:45:30.000Z,0x38e23667241953fa9e5b5369c9d8916910411228c03e27bf5f11412ff62d78ab,0x049f3663E135616a6feF73A75c502F8ba56D8864,279.571,8.023353165749186258
2022-08-08T03:46:14.000Z,0x20fe47a5b65265c4d51dce97ced3563d515ad6bf45481ee7d76fdba90d5172bd,0x049f3663E135616a6feF73A75c502F8ba56D8864,570.315,16.367734251464898426
2022-08-08T03:46:49.000Z,0xe498ee6b872b231e9de8dddcd166d3282163649651541a97968cd2b1b2b9f0c8,0x049f3663E135616a6feF73A75c502F8ba56D8864,580.0,16.64599287417294082
2022-08-08T03:46:49.000Z,0xb9b635d765aa1f4fcc1ba10ec2863005be49565235191b990cac68407c8f01a8,0x049f3663E135616a6feF73A75c502F8ba56D8864,53.093,1.523768447704248184
2022-08-08T03:47:42.000Z,0x7f6677e1a0138296ee34900545611c6182c6b5b5c3699842993dd7e80ce15ca0,0x049f3663E135616a6feF73A75c502F8ba56D8864,107.641,3.089380902489371344
2022-08-08T03:47:42.000Z,0x64af9140e2c2137810c694a5dc5b0090e78db4687988068da6ad15a5b374c237,0x049f3663E135616a6feF73A75c502F8ba56D8864,483.0,13.862477828172967172
2022-08-08T05:03:16.000Z,0x84f5dffe5453dd2279c0c57b2f4d54e25e7dd6540c554ff74ac87bba350c99be,0xF2c06f90FB58844C09220e01E3116A2293Df6960,3525.0,101.40985363156717542
2022-08-08T05:04:47.000Z,0x6268c5aea7a9b3ec4f7b987d92f542220e99a168732edb05cf2237c800511fa8,0xF2c06f90FB58844C09220e01E3116A2293Df6960,773.854,22.263870129820341177
2022-08-08T05:04:47.000Z,0x4143d6e10f940f3df17b294eebbeea3996856ef93bce6981e2603bc73bb8762f,0xF2c06f90FB58844C09220e01E3116A2293Df6960,880.054,25.319256556442055652
2022-08-08T05:30:12.000Z,0x9b659024a4013654731f694a9e62b32653458083035d38194c2aa668b2509fc7,0x3B82B31bBE0DC3fE0f13D17f9a4d0455eF562e06,16000.0,460.687659883264680851
2022-08-08T06:31:49.000Z,0x2981c9b8bfffc1656de1f18f4bb1c466bb98e59b274b85bba2fce5fa2eb70768,0x6d0b3Db2D2E848631a2e12AeA38F6C55099437F2,900.0,25.963561418087556386
2022-08-08T06:47:38.000Z,0x4cbe21409f8bcceca31ec2c65df1b5ee2e4179770444e83501d7d14bebcee070,0x77CA767F8234587a874764A1699e8e1ce48FAbB8,6402.347,184.788561827344862995
2022-08-08T06:47:38.000Z,0x47d7133122faadd516807ed434497e338745e8fd527d487eed4c8b1cb1e2303c,0x77CA767F8234587a874764A1699e8e1ce48FAbB8,94.551,2.72899037014664843
2022-08-08T06:47:38.000Z,0x0af2959025ebcdabe3491806afe7e3271de03cb63eb0c2a6bef99e43272be3c8,0x77CA767F8234587a874764A1699e8e1ce48FAbB8,123.519,3.565082987278229394
2022-08-08T06:48:27.000Z,0x9477f59c195bc593f2f27f1544fca545bb7c696a8fa78303fbd95c76e45d58c4,0x77CA767F8234587a874764A1699e8e1ce48FAbB8,132.963,3.837759320235878167
2022-08-08T06:48:27.000Z,0x2127dfdaec29889653168e084523073a765d66719fbe81d1d55fd67a8cd32b04,0x77CA767F8234587a874764A1699e8e1ce48FAbB8,52.39,1.512151581922472095
2022-08-08T06:48:27.000Z,0x4b4d48838a232e634d7c1e7d5c98c0b700fbfbf875a47dd8354f4e654c0d2533,0x77CA767F8234587a874764A1699e8e1ce48FAbB8,78.43,2.263753551635416805
2022-08-08T06:48:27.000Z,0x020f4a3db735d1d0d5d5fa773e866133e6bda5136970e747353a148a28188290,0x77CA767F8234587a874764A1699e8e1ce48FAbB8,122.326,3.530739729151523602
2022-08-08T07:32:11.000Z,0x6e0faec36c2c4ebda5e07b735c93297fa69fd4ee39a88b7bd236b6f3895fc90d,0x90B7f8eB3e7690AD5B093eF92Ad4055F2B61E693,5000.0,144.513500305827829285
2022-08-08T07:35:21.000Z,0x3e463df28f0f63d61f473705edb48f0ee43faa00d3eaab0ec08e82df7c789acc,0x6E57ff9CEc63C54dFa6380f07396917844540468,6240.608,180.388196639374630406
2022-08-08T08:02:43.000Z,0x2cab1c79c58128eb4817255d7bfbd85d11c38c7e6e34ab82197a079d1db1933e,0x9644E9ee42DdCBAb8Ae392780D13f24006d2267A,74.126,2.144477345648369843
2022-08-08T12:53:57.000Z,0xcb1bdad5fa8a7f25fc18aaf9853d2150f41d39a75efb3966542353f9d24da8ba,0xb78196b3e667841047d1Bb1365AB8fB3d46aB1A8,83.818,2.4468252887118032
2022-08-08T13:27:19.000Z,0x0abd43d6aeb9bd4ef1e57499dfee2401b51f3e4c27ac3965e87e851da3e1b70d,0x8bE4F5D6C5970F2389686cAeA5b1B758ED5534A6,2819.922,82.4041404242936231
2022-08-08T13:27:58.000Z,0x249d4402e4c9210700f27de54ff21a090498e4a95ce407389a01cf5cd29562ff,0x8bE4F5D6C5970F2389686cAeA5b1B758ED5534A6,1268.91,37.081000777505765031
2022-08-08T13:27:58.000Z,0x778e6af95f82e87dcab4e49ebdb53e9f923ebcb1c7c5c16ec269084691866b72,0x8bE4F5D6C5970F2389686cAeA5b1B758ED5534A6,1328.433,38.820424699832388395
2022-08-08T13:28:25.000Z,0x9d9fd298bcbbcf165721008fc4f4a65477568ecff48197531967e419c9d3e55a,0x8bE4F5D6C5970F2389686cAeA5b1B758ED5534A6,51.741,1.512033663496558338
2022-08-08T13:28:25.000Z,0x54804abb4899c027d4dd7a7802cc2ceed2e0ddfcd5a23351e8280f2191eae1a4,0x8bE4F5D6C5970F2389686cAeA5b1B758ED5534A6,240.52,7.028745805921652299
2022-08-08T13:31:22.000Z,0xbc9496a1cf676e47268853fe94320fab9812e20aa5368b6f0578c0abfcfd8339,0x6166D34fc1eAFf26972086459a90E4E974d56378,58541.916,1710.933014313875435784
2022-08-08T13:32:19.000Z,0x888473aff0bdcf0da2852be3a5cfd601c93395cfc7d45ac367d10ba01ef4e67d,0x6166D34fc1eAFf26972086459a90E4E974d56378,1199.579,35.059654051682759227
2022-08-08T13:33:20.000Z,0xb6cf1b071fb5c577aa63c3a99efc213969d22559a3743fc01085c90996b654c1,0x6166D34fc1eAFf26972086459a90E4E974d56378,2700.254,78.92179940728485592
2022-08-08T13:33:20.000Z,0x0885e35ed438b3c31e0aa68278640bbd4af95567790c0f6e4037e8fd04ee07b3,0x6166D34fc1eAFf26972086459a90E4E974d56378,3396.623,99.27495675153896973
2022-08-08T13:39:05.000Z,0x15a465df10b51bacc7ecf94d969ad5735c7474a9e780021e5996a7802d542deb,0x4fa17ac5aF40d4791d9F8DeFe62d6b285D8b4695,1342.727,39.25156044101175854
2022-08-08T13:39:05.000Z,0xc2dbe06ab2943b0bb7cae8fe6bcea37523c71567ffc76cc531d9649cf6590613,0x4fa17ac5aF40d4791d9F8DeFe62d6b285D8b4695,32.082,0.937844075577938953
2022-08-08T13:39:34.000Z,0xf2a601db28bae441200e3fbc9cbed26f53ae8a5eb63a39c26dd3e807b8a3f4a2,0x4fa17ac5aF40d4791d9F8DeFe62d6b285D8b4695,62.194,1.8181267343672093
2022-08-08T13:40:55.000Z,0x9391e531afa09d1e37d13e8a040fe9db1489fcf94f40139562d02347266ce699,0x4fa17ac5aF40d4791d9F8DeFe62d6b285D8b4695,78.132,2.284139606471990681
2022-08-08T13:41:47.000Z,0xe315dbe40d519d930b487792180b4fe5dec93ab1454996deeb78956f730f66d3,0x250fCEFAe5055f8888D03365Ba9E842bF7a7115C,6243.656,182.534201670874084095
2022-08-08T13:41:53.000Z,0xd53cc46e4545eff65d16897db11304e2a83058f325651a534f4f21f221d446f4,0x250fCEFAe5055f8888D03365Ba9E842bF7a7115C,128.251,3.749448388035642645
2022-08-08T13:41:53.000Z,0x807ae16403ec0726de9a73d92ee6138e7ff2412378d4dcec3e852dff7abcde71,0x250fCEFAe5055f8888D03365Ba9E842bF7a7115C,288.248,8.426998611741802568
2022-08-08T13:41:53.000Z,0x552d6e12bfd557abca6dbc1b5585638f42a629af3f3eb9e83e1b28f0e6e032b4,0x250fCEFAe5055f8888D03365Ba9E842bF7a7115C,362.139,10.587219513257905137
2022-08-08T13:41:53.000Z,0xf1bcf556fca9657ce5aec001082452aecba054fdfbe52776f208ec7890738517,0x250fCEFAe5055f8888D03365Ba9E842bF7a7115C,150.185,4.390694077684641762
2022-08-08T13:43:27.000Z,0xbe1994478467592e2db44554025934789130f9e6b8685864ab28db905204ee4e,0x03e517C7233a41ABAd99cA898AAd3AF284236a41,10253.611,299.781197499603035849
2022-08-08T13:44:31.000Z,0x562822afbbc5e31e3beb8153ac9ef2f727b7092437a846ba8a50f77a4f5d06f1,0x03e517C7233a41ABAd99cA898AAd3AF284236a41,210.778,6.162644050888220827
2022-08-08T13:44:31.000Z,0x726250973e93f0f5719f58ebce8d9bd9617131a07db07c6ad5ae8eb5dd6f460a,0x03e517C7233a41ABAd99cA898AAd3AF284236a41,473.059,13.831112507325863497
2022-08-08T13:45:05.000Z,0x073be429390a5941af2df14b3319c7d097402f1b706680afa2455bb487d41a1a,0x03e517C7233a41ABAd99cA898AAd3AF284236a41,595.027,17.397468085150829612
2022-08-08T13:45:08.000Z,0x68d014a99f57e727c31cd6ef34b866b54978cfdd11998cd67da9aed41bdfe468,0x03e517C7233a41ABAd99cA898AAd3AF284236a41,200.0,5.847632072438428295
2022-08-08T14:59:09.000Z,0x718d33097044eee2867810f0bcb53ee18be660a685ba73940a1bc44bf6a8cea5,0x1b0fc5cA8Ad31172DdF98455e1112BB42317c6AE,1500.0,43.957105082560167059
2022-08-08T14:59:09.000Z,0xb81e1e91285cb75318ae1a3f67b529f1822b5348dbe03a9ce2004353ed23d09f,0x1b0fc5cA8Ad31172DdF98455e1112BB42317c6AE,1100.0,32.235210393877455843
2022-08-08T15:05:00.000Z,0xbeb72af1f156831c9c86cf5288e35b9fd939d8b548bb84baaa369487ee4fb9a7,0xA0F0Cdb449723721F12A139065E1b39d479720fB,250.0,7.327499666926899274
2022-08-08T15:05:00.000Z,0xbaebe80eee6c2a2b41e349ed6aa5996804b13227b74fc8281d9be1a53c3142d3,0xA0F0Cdb449723721F12A139065E1b39d479720fB,106.543,3.122775188053570517
2022-08-08T15:05:00.000Z,0x8151ebac2f62ab9355f533fed435cacdd9736b39f6e24b1f1f66bcbd3d1abf0e,0xA0F0Cdb449723721F12A139065E1b39d479720fB,167.111,4.898023187359284258
2022-08-08T15:05:00.000Z,0xa1d78fdeb779f40e8c62f4427c39d8da69c10b99a2de068579095d9fb8d2fc7f,0xA0F0Cdb449723721F12A139065E1b39d479720fB,133.644,3.917105461947114106
2022-08-08T15:07:00.000Z,0xf7acc0fc477990a86ce0095b6d0a44425d490a64d6a1121f5849dbc9aeb47e0b,0xA0F0Cdb449723721F12A139065E1b39d479720fB,137.485,4.029932496281376459
2022-08-08T15:07:00.000Z,0x64af1f1ffd715097a1b6e0937020220c5b4a7b544c49a4443ca8c8eb14c60805,0xA0F0Cdb449723721F12A139065E1b39d479720fB,132.596,3.886627117699570084
2022-08-08T19:20:12.000Z,0x330c96f65f21ae0fe3218895ec63dfaf8c292e4b0413345030d06002638b15fa,0xFc3643Ead29ee8590AdDCc133202e1cCBBC4a3d1,960.0,28.35796362264590218
2022-08-08T20:03:49.000Z,0xe15321573d925fa9ddac84f0607c728964f1716eb6d8afb01993dff31e8e2ce0,0xd9f84fB0a94d3594374EC295Dd90b54EebaADfef,25000.0,739.469441753137568196
2022-08-08T20:03:49.000Z,0xa0118c0a145833a4f0fef2f9a98acb1330cb409491b36e800bdfaac8e0c580a4,0xd9f84fB0a94d3594374EC295Dd90b54EebaADfef,25000.0,739.469441753137568196
2022-08-08T20:42:57.000Z,0xa715737f18455ed0d224fe617991cf0b55de1cc73cb7929724732d970cedeff2,0x06Fee2818ed2Bfce2635b03a231EbBC9Dd18860f,75000.0,2221.048293039310812773
2022-08-09T07:35:44.000Z,0xc0ef63eea3626884fabcb4168f6966c102bdd0c5318c3249163cc4ef834f27ea,0x1b0fc5cA8Ad31172DdF98455e1112BB42317c6AE,1000.0,30.201141454239471843
2022-08-09T11:49:25.000Z,0x1206e80541ac004465ea822efe3d4c3d2347176e753d5e7b4fccb0168daeece8,0x81276768BBe961b18Ce91263AaD2B712fbcCA721,20000.003,608.586571659283821326
2022-08-09T14:41:45.000Z,0x8b8b53b1937f56e8b17330acda51234545e3d409d14fb5151408b89db79a9322,0xf80691d91f3354f3C46D6574C24Ff7Ac4588266D,152.128,4.652733570624944958
2022-08-09T15:16:40.000Z,0xeadf13c40e26798d7f975025627b82fdf9cd030a470aad89975dd6d39f8d3329,0xD6278E5EeA2981B1D4Ad89f3d6C44670caD6E427,200.0,6.123148164693280035
2022-08-09T15:16:40.000Z,0xeb855406e324db595dd1f72d89332f681b2258ac7483d1d718020c6f3c32f3ed,0xD6278E5EeA2981B1D4Ad89f3d6C44670caD6E427,50.0,1.530787041173320008
2022-08-09T15:16:40.000Z,0x67d64c2fd63edcfa9b8feebea28dde3e939a2599b64f494b55ae345e4739b985,0xD6278E5EeA2981B1D4Ad89f3d6C44670caD6E427,10.0,0.306157408234664001
2022-08-10T00:58:57.000Z,0x3d713df6decd7750fcb67924b7059c946d2ddcef974d86a8ed130157dbda4504,0x24CF63D40519D09Ef7826885d1A33F80c64cA9a8,3476.945,108.270300461842941368
2022-08-10T01:00:05.000Z,0x53268a9d70d93bc37cff3900683dbe0472490f9d32d00ff4eef4c2e231bcc297,0x24CF63D40519D09Ef7826885d1A33F80c64cA9a8,1982.308,61.730084575221274361
2022-08-10T01:00:27.000Z,0x6d397779c9c0df602d5fcfd6ef1c54c37b2a8aa9061112d0514ac3b458a0ea29,0x24CF63D40519D09Ef7826885d1A33F80c64cA9a8,1718.994,53.530918934877046601
2022-08-10T02:00:31.000Z,0x7b7e1331b4d9858f0b1f59beeafc3096eefd0c4b25cbb14f2c9a55f7e83ac8ee,0x24CF63D40519D09Ef7826885d1A33F80c64cA9a8,75.209,2.346134955330370023
2022-08-10T02:00:31.000Z,0x433ba42a963f7cb657a32f9d738cb87208725160b0fbb256ea2d65e790b3ba53,0x24CF63D40519D09Ef7826885d1A33F80c64cA9a8,382.011,11.916783369287053185
2022-08-10T05:20:31.000Z,0x1648b6491e40f39a403aa9f630e48023d499ab7fe82bbc59a2e350109ed8ac0e,0xA0F0Cdb449723721F12A139065E1b39d479720fB,598.985,18.793013787596143732
2022-08-10T05:21:08.000Z,0x0aa9dde649a00ce86a2c41a585a0f085ad5ce97fba37274c1339c2823eff996a,0xA0F0Cdb449723721F12A139065E1b39d479720fB,1023.961,32.127104010448160017
2022-08-10T07:08:31.000Z,0x7562a09a9e9931eee250dff628b05ef92d9f53e347b2e5c182fec2ec68222baa,0x5a3CC4FfDe3112c246E86d888F637cE30a0aaFCf,1985.987,62.502801958630661947
2022-08-10T08:45:07.000Z,0x1e022135e511251296ea1ea6eebbc27d3c6de90a06d2b956624e6fbb02d85b6a,0xe3E9858DD484A544d59187ac35175e9f560F1e9D,750.0,23.669098859209895073
2022-08-10T08:45:55.000Z,0x55c90b45fa15281f4e1a37d1efce1b456b2ccf93bc2b3072ca719faade6886e6,0xe3E9858DD484A544d59187ac35175e9f560F1e9D,280.351,8.847742448005089947
2022-08-10T16:49:47.000Z,0x4aa414ca328576876a523319cf4588feaf5fd1bc26946aecbea3800e206383ad,0x1Ccc5914dad16B432644F832890d8Cc40Df72A2D,11498.68,367.897339704831595014
2022-08-10T17:41:35.000Z,0xdd00f5c374e15d7884e3ca5592903232a17d9cfaec8e1ba83a903b8644d8852a,0x71A2DD44FD3eA050f7131cc00E64Cd530ee3bD0a,10424.423,334.012465133601255599
2022-08-10T17:46:21.000Z,0x102a89dcfa599636dd2552cb29e90083c3ba86700ae977587fabde16c320fe41,0x2b3188099dae25E1054ef620b76EEF524516b436,1500.0,48.068438891200123751
2022-08-10T20:34:51.000Z,0x9314fb0d1afa1e17cd71298ab6249690c68a5119108528a89813f51dd6d3e962,0x9D52ed746d5993E252865D24eD39A49F00Bd9586,600.0,19.318312777109589104
2022-08-11T05:45:24.000Z,0xd5ad15fb2f702c7d4f3f16b16143d47b8fb6c8f9b1174c7304e310f2cf3dd99b,0x42e469a75f557d2e4eBfd8735126111E567Bec40,521.321,17.043232338745442834
2022-08-11T05:48:36.000Z,0x1acc81fbea5f7e1d71a5f80e299ef7635d0ae1d8d9b27e7949782b7e7dabce97,0xE392FC3c2Fc3E06412A02bf79e650Ca6856c3465,3100.0,101.355349015691170043
2022-08-11T06:15:04.000Z,0x269acb0b56f4c3ceb9bf0155bc34606de04b0178462f3aefb78daec96ce485ef,0xc266672ab58f57C945fC5fe5cD89B2Ae591c6124,500.0,16.359540029537925163
2022-08-11T06:15:04.000Z,0x313715b53e1b6ea3194fc3eee20a99b19d61599580607e07a577aaa49f6601b1,0xc266672ab58f57C945fC5fe5cD89B2Ae591c6124,500.0,16.359540029537925163
2022-08-11T06:15:04.000Z,0x7e933312adacf9563098351d670381344a673590ee83f30b0bf701feb5ec5bce,0xc266672ab58f57C945fC5fe5cD89B2Ae591c6124,500.0,16.359540029537925163
2022-08-11T06:15:04.000Z,0x5e9fcf007c9f5915e0b7efd864f64d1eb9fed279b3d066ad14ffd6f440dbbb7a,0xc266672ab58f57C945fC5fe5cD89B2Ae591c6124,500.0,16.359540029537925163
2022-08-11T07:45:11.000Z,0xe9af07b3368086423c12e86f69d550b432b18b03c1de81e40c1f39736df61bbe,0xbd84c6D1d1Ede85e06E18e42155F39fd3Fc82d90,76.0,2.492810489031099601
2022-08-11T07:50:08.000Z,0xbd8b52fde8352665aa5e45ea68ac14e1e0764bd5df38432b67c9ce6c86d3c3c7,0xd98682149De98aB813DB999093a357eDf670DF02,73.0,2.394735101347218124
2022-08-11T08:49:36.000Z,0xa11ae5d26b0cccc36b56a8348a9ad23a0051991d8d1b78aabee42726d5121af9,0xE528D09B200349403ed4f469D39341f74835b4fe,11000.0,361.438873232499701972
2022-08-11T08:53:37.000Z,0xa2636b3b996071df9a37e7b4a5b4295232ce34b3508c847b99e8e2cf8b1204ed,0x72Df35D3BF214134172F2EbA75C6dDE981ad870B,1147.733,37.716448674630776469
2022-08-11T08:53:37.000Z,0xea290ff35f8f63f33d0e718058819783c1432a2b7a61731ad812092899bb4a9e,0x72Df35D3BF214134172F2EbA75C6dDE981ad870B,5.52,0.181396541429027383
2022-08-11T08:53:37.000Z,0x19f4c36e8d6a654b91c7a45e5ac61cd3aff3a8db4542affa59dbaf4c3c9a575b,0x72Df35D3BF214134172F2EbA75C6dDE981ad870B,29.84,0.980592897869959624
2022-08-11T08:53:37.000Z,0x2f32e41ed1decc67c2e7f15d980a96ad7cf34b2bd4629dc564141c632ce34083,0x72Df35D3BF214134172F2EbA75C6dDE981ad870B,59.319,1.949322724823999161
2022-08-11T08:54:39.000Z,0x5b8d98e55b7dbdc71b4b8b6b2371ed6d3119863c774fa80855bebb5e07e88a94,0x72Df35D3BF214134172F2EbA75C6dDE981ad870B,2000.0,65.725243496828865739
2022-08-11T11:22:17.000Z,0xe94113a067a50fa2ae0a7c39d1ec35cfc74a6d3a8a9f55c3865c922616135de9,0x6cFe9755269786F6681518c00BD22801f98f9e57,19133.711,631.324728740797050844
2022-08-11T11:25:08.000Z,0x93b9446ddceb9c40b78dc0bd3131c403fb3ef23d3f18228b46b235eadeaba70e,0x6cFe9755269786F6681518c00BD22801f98f9e57,10500.0,346.478770978393283902
2022-08-11T12:26:49.000Z,0xa4f0ae2fa6b257f743f830e5114f04ed61be8c09c82828047ffbab007903aaa2,0x6B5e7f211e9E870F0139400bF91F70A03153d730,68221.24,2254.948094795005529328
2022-08-11T12:30:02.000Z,0x3558990228c45e3eef6533464f806030acb219b41f8df3e5ae25de34a7b5fc39,0x6B5e7f211e9E870F0139400bF91F70A03153d730,11776.305,389.2817105108201594
2022-08-11T14:15:15.000Z,0x767bd76e636d4e9ad2550bb2f0b708337bdf70c2c014f1d3c904d6554e01b985,0x1b0fc5cA8Ad31172DdF98455e1112BB42317c6AE,650.0,21.548146346231891336
2022-08-11T19:47:08.000Z,0xa4ee9eab424272cb276c7aa78b3f5468261f4b895ef0353e2bb0413c62627451,0x7c22Bab47407Fb92E49A419F12dFA59f9E6abD0d,30218.382,1010.790255791396887785
2022-08-11T22:06:03.000Z,0x73fb2b83385f8586d60bce9d91571576aa9ed2d4cde542402449c38c88c784f6,0xA0F0Cdb449723721F12A139065E1b39d479720fB,246.669,8.281780594388079896
2022-08-11T22:06:03.000Z,0x48e7d5cd6bf5e1abdef4d4a33b3561976cdc6ff32fb4c443ea2aed6227d4a2cf,0xA0F0Cdb449723721F12A139065E1b39d479720fB,205.987,6.915904062919205143
2022-08-11T22:06:29.000Z,0x78143cb3f6b23cda842737357adcf794b8f4bca4300d7f2304c95761e67ad1d6,0xA0F0Cdb449723721F12A139065E1b39d479720fB,207.425,6.964264997587761497
2022-08-11T22:06:29.000Z,0xedb197d8369bcf649a19dde89e1953cf9b2c034a3494f2e059497a37ada9f646,0xA0F0Cdb449723721F12A139065E1b39d479720fB,288.314,9.680101716352984781
2022-08-11T22:06:29.000Z,0x80f58bb4a9e21a36c7a235df29abdc32d1e3499d0089675296b1839cc0d1fc6f,0xA0F0Cdb449723721F12A139065E1b39d479720fB,130.948,4.396560553955030457
2022-08-11T22:31:57.000Z,0xe6c4b7ddd80bc70c284759e812fd041b8de432c3a90e47875675f8e94f64b15b,0xA0F0Cdb449723721F12A139065E1b39d479720fB,344.094,11.560789376066664075
2022-08-12T01:10:22.000Z,0x258160e22cc9f3efdf0011f942ad51498da7e09d8155bb2361239976473236ea,0xC3350aD1d08F85aCab2025657Fbee18C1C98CCE1,1000.0,33.740257374414290606
2022-08-12T01:10:22.000Z,0x3bcb43b62336066a9bcf716f6533a153efa08c94d6c1a7e6a57c73b5fef9dcda,0xC3350aD1d08F85aCab2025657Fbee18C1C98CCE1,900.0,30.366231636972861546
2022-08-12T01:10:22.000Z,0x5535643b8321b8f997f2d56abd3830cc833764f17f6d7341eb84500fef582221,0xC3350aD1d08F85aCab2025657Fbee18C1C98CCE1,1000.0,33.740257374414290606
2022-08-12T01:10:22.000Z,0x85aae631388d1b4100008df7b5e9ba03d3c8a47565125698195d35ebfcfdd264,0xC3350aD1d08F85aCab2025657Fbee18C1C98CCE1,1000.0,33.740257374414290606
2022-08-12T01:10:22.000Z,0xd2bf8eac8f89fa6b6b28a9426c015ff7e1711196fbbe8f2c55cf1e99e03ef022,0xC3350aD1d08F85aCab2025657Fbee18C1C98CCE1,100.0,3.37402573744142906
2022-08-12T08:21:00.000Z,0x403d0c1496ca15c5849cd977b2ab871f2c4c434b987aaf62bc6e2552dacf8f17,0xBcbE7E9a54b0FB501A91D7065d539B3efAA11522,500.0,17.0638012808954114
2022-08-12T14:14:05.000Z,0x8b0c2648ac936426d6905e62beb2a822c25b72ea7cfb76a144ec0d0ad5fe13bd,0x4AdE11Fd5e8A66bF5399D0337Bb5ACeEd14FBDDB,21.0,0.723349057918901826
2022-08-12T17:44:27.000Z,0x6cf5f206427f3976fbae321b48f735140b45d53bd352736e930843e31915b2ae,0xEC1F066D8ba2335504f6C51a8587F00eec0AD0fC,455.103,15.762225447075495687
2022-08-12T18:53:41.000Z,0x768c440a6397d2b56373c259baf5cefd83b4409e5758651fda4f420717deac0d,0x2b3188099dae25E1054ef620b76EEF524516b436,1500.0,52.045030903101158262
2022-08-12T18:53:57.000Z,0xba6274c2fb83420a03481351cbad361c0dd1dc514797f9437ae787e88d7057d0,0xEC1F066D8ba2335504f6C51a8587F00eec0AD0fC,1313.926,45.589194675582309951
2022-08-13T02:09:25.000Z,0x16364b6f308e6633dad8c32eddd9b5a6e291a90b546c057cf3aaa176881d2162,0xFE1028E5D69065d1A88842903CB278E43687E17A,2500.0,87.721549484124533224
2022-08-13T02:09:37.000Z,0x5284e2a72cb67e06bb05aad45502033acd3c07bc5de8890e0cef7a8c070455cc,0xFE1028E5D69065d1A88842903CB278E43687E17A,2500.0,87.721999223098962204
2022-08-13T02:14:52.000Z,0x8358a0a14a720d9fa3fd4897610015641ac224286cbec7315eacad48bc8be03d,0xFE1028E5D69065d1A88842903CB278E43687E17A,2500.0,87.733804871177722909
2022-08-13T02:15:36.000Z,0x51bbaefc7b1d22dd9061bf570a33623e1c33d53b92d8dbd5eccd7afdae13f0c6,0xFE1028E5D69065d1A88842903CB278E43687E17A,1500.0,52.641272348450377499
2022-08-13T09:41:58.000Z,0x483f5632e28badc4619933f145ba0c6eefd8a26a3f3d6177f9d562859e3d1b9d,0xF03F38Fd0F2f966E88c71ce5534F60e69cEF137b,40.0,1.419827141576219296
2022-08-13T11:18:00.000Z,0xce42362e14dbaa4c6a5f92b0448ae8609ef5b39dc9b004416e2d61e17c35060b,0x48214cd3057a21234963D7Ec95F7E1db6bb91DE1,6517.813,231.917202839481862918
2022-08-13T11:45:00.000Z,0xb04ef2171d5355c3c04044d6ba1243c01d1d2760d58b48fd3fc63826d061ed85,0x1b0fc5cA8Ad31172DdF98455e1112BB42317c6AE,850.0,30.265392663256310582
2022-08-14T10:38:25.000Z,0x6f48c8898aa797bfe7455e8c9887c37f4f470eab69bcbf4429b3c58a5902f2bb,0x4765697e4E357148F0819B961Bd7EC4837D1020a,1188.481,43.785663210191065066
2022-08-15T13:02:27.000Z,0xfd9650ee51dc13dcd4d36334ecd60bc4064b885af8b22258ce73532129da6c53,0xbB1b4d9229b7D13ea71D858d5cD90Bb86c14FDAF,11.273,0.431378315031086809
2022-08-15T13:51:16.000Z,0x44e91f8b9f29ca987b43ce1f89d15bfda83de2a5f29a3bd7abf07cb092918826,0xB13a509B8E3Dd88f4a5239c1cC4a749111CCa5a7,1000.0,38.310414884766691928
2022-08-15T14:00:45.000Z,0x34b70863f2046cc4df42ab64d4f6b009c388509b69940a2f9791f612eb725466,0xA4A4391e36EA795760c06D32E4cB0B1968c87f35,500.0,19.15947246699084745
2022-08-15T14:00:45.000Z,0x4a07421359c9a229b5ccc1479816ed9759910d2d99021a95fb32fdbd3a5b1d24,0xA4A4391e36EA795760c06D32E4cB0B1968c87f35,500.0,19.15947246699084745
2022-08-15T14:00:45.000Z,0x8f170ed5ca74c9dacb1978f9915828ccd0e008353fb0ac341465cf31184f58a6,0xA4A4391e36EA795760c06D32E4cB0B1968c87f35,500.0,19.15947246699084745
2022-08-15T14:00:45.000Z,0xa66512383c2ee37e454cb8fc949fa84fc95823acb896a1b7e998c632b99e4bbc,0xA4A4391e36EA795760c06D32E4cB0B1968c87f35,500.839,19.191622061790458092
2022-08-15T14:07:33.000Z,0xcfe73aed7647fbab86dd2d68f53f5b987ab7a033fa6dc05084c7dd658109d1e2,0xA607fBDCb2C9D02eD3d64c73410cc7dC4C32695F,31572.393,1210.013899765843132324
2022-08-15T16:27:40.000Z,0xc61081ee2409791be62e1d72dfad64d1041d1be0e55314688bdd87ec61c956c5,0x9a290AF64601F34debadc26526a1A52F7a554E1b,1000.0,38.451093235968076636
2022-08-15T18:07:42.000Z,0xf28a1c540236c287b5b08de91ea4910ca1c7168e54ea3e666c428940ac2ba6c8,0x5f99E102d9E61C67ECE3b558EAaEd7A802fBa296,4.73,0.182299265893628753
2022-08-15T18:09:38.000Z,0x9380249c662db2fcf4d618e8609cdd76ea9ea6392e6e040af19be1bb21f6324d,0x5f99E102d9E61C67ECE3b558EAaEd7A802fBa296,0.434,0.016727579541802529
2022-08-17T11:55:05.000Z,0x221de59c8ac87496b65d80c721244045d61616486b1f0b63a161ed22311045d7,0x5673c3968229A050aEe44FeC67d1D82BFCcbAeF9,474.0,19.337496932750626529
2022-08-17T15:38:43.000Z,0xa5e33e1c70e03b72c2667a2c99ddcf459fa448b102f03eed6a44a3ac0f09ec4a,0x21c0BA32dcC87c840F08d197A3317eC56Aefdf03,35.948,1.473780297056246116
2022-08-17T16:30:36.000Z,0xf151cfb8ec798867452031e5751f1f0e16d2304b55c8ba30a6be1656236edd53,0x8929d48261dD431AB92630bd23dC2328b2EcFecF,1250.0,51.305285246661225562
2022-08-18T11:01:37.000Z,0xc7754db09f57637dd0b12f09b73b50b0abac8ea1c47bcc9c0aa023de8962c849,0xa647A3006Da3bfBeaDA20B967E5f8FBd3641D762,8.0,0.336348505518474559
2022-08-18T11:02:21.000Z,0xc8ea471166cca1c586626224546d41b362fed3caf961b53f91304d8ee63a078c,0xa647A3006Da3bfBeaDA20B967E5f8FBd3641D762,2.381,0.100107294503399893
2022-08-18T14:29:53.000Z,0xe478e7171d6cd2f9921f92a343ca45b38534918845c801418cde44b52af23b9e,0x7bc3cd4A42CB163228cA08d68186256Bf36e7B0f,7500.0,316.731708479686030956
2022-08-18T14:29:53.000Z,0xc26f8a095c5148dc44a56cbe4ad7d3058480ce360bbc616a0935764470ace579,0x7bc3cd4A42CB163228cA08d68186256Bf36e7B0f,5000.0,211.154472319790687304
2022-08-18T15:28:10.000Z,0x407bb03f4cbed9a4f7d1bf8dc5229d6b19352102fe5d89fa35173ffcb19d0212,0xd0dB7f650EbF84CaE67E827dCFFd839082A70F02,2.974,0.125750590816268213
2022-08-18T15:28:10.000Z,0x8c0c3379c314b33fead68edcebe5a5b358f33d88220d840ae307925d2fc3bc70,0xd0dB7f650EbF84CaE67E827dCFFd839082A70F02,2.519,0.106511680654397992
2022-08-18T21:40:06.000Z,0xabef980c7eceb949b331f1accb2a3980bbfbb6aa033092c2222c8828fc6eecfb,0x63A9b7277Fcb38F4484957D74D9dA44d381D4E23,400.0,17.047145947542391535
2022-08-18T21:40:06.000Z,0xd863531f73aacda3007d7b3ba010209b6a46e02bce3068b1f04a7716d18e9e97,0x63A9b7277Fcb38F4484957D74D9dA44d381D4E23,220.0,9.375930271148315344
2022-08-19T09:55:01.000Z,0x8747f62f9e687126e86e8a569f1295ecf0359c0c43aa5e05fcdf677ee55656eb,0x3B82B31bBE0DC3fE0f13D17f9a4d0455eF562e06,34300.0,1484.466482823639817818
2022-08-19T14:12:36.000Z,0x4dac7b4c236a50903f2e7274c6301d5b4a14310b3478d5f5701ffed8e1ebacc5,0x5Fa6e0e05800093f90d371086aAAD3cBbA362c2A,5000.0,217.552983665487513227
2022-08-19T14:12:36.000Z,0x340f9c727d27e6679b60051264f40975c089065799ab2e5940887bb87a91562d,0x5Fa6e0e05800093f90d371086aAAD3cBbA362c2A,7000.0,304.574177131682518518
2022-08-19T14:12:36.000Z,0xc23a1fea1ffbd25ae07ddb481cdcc0b3f65745f6a7fbbefc64c69ccb80db1b00,0x5Fa6e0e05800093f90d371086aAAD3cBbA362c2A,2000.0,87.021193466195005291
2022-08-19T14:12:58.000Z,0x5e7185bcb7237ffa097cfecb2937870fc518bcb9ea832135b05c654e9e7d8d5c,0x5Fa6e0e05800093f90d371086aAAD3cBbA362c2A,1000.0,43.510926541678750563
2022-08-19T16:32:44.000Z,0xc9eac228d665a3ce781bcb2b99f41545ab327c1ee818278f7796735012500aa5,0xAea6D987D521B0e61FD4af5164Ab743E00eeC94f,1023.462,44.660446507918671076
2022-08-19T19:41:04.000Z,0xc35b8b420befe87fb2e6df99409f83c6a9bf7c2a9173c6a2ef9a9d4d755ebec4,0xF2c06f90FB58844C09220e01E3116A2293Df6960,16927.094,741.509045828398893981
2022-08-19T19:42:32.000Z,0x7e85dec87fab5b4bcb7dc67837f1ccffc0146b8af63457d05ade1e72d46b957b,0xF2c06f90FB58844C09220e01E3116A2293Df6960,16030.132,702.237835363228151022
